,Unnamed: 0,school,sex,age,address,famsize,pstatus,medu,fedu,mjob,fjob,reason,guardian,traveltime,studytime,failures,schoolsup,famsup,paid,activities,nursery,higher,internet,romantic,famrel,freetime,goout,dalc,walc,health,absences,Grade,Passed
117,117,GP,M,Minor,U,GT3,T,Secondary,Secondary,other,services,home,father,15-30min,<2h,No,False,False,False,True,True,True,True,False,Excellent,High,Low,No,No,Good,6,14.0,Failed
481,481,MS,F,Minor,R,GT3,T,Middle,Primary,at_home,other,course,mother,30min-1h,<2h,No,False,True,False,True,True,False,False,True,Excellent,High,Normal,No,No,Normal,2,10.0,Failed
274,274,GP,F,Minor,U,GT3,T,Primary,Primary,at_home,other,course,mother,<15min,2-5h,No,True,False,False,False,False,True,False,True,Excellent,Normal,Low,No,No,Good,10,9.0,Passed
63,63,GP,F,Minor,U,GT3,T,Higher,Secondary,teacher,health,home,mother,<15min,5-10h,No,True,True,False,True,True,True,True,False,Normal,High,High,Moderately,A lot,Good,0,13.0,Failed
405,405,GP,F,Major,U,LE3,A,Middle,Secondary,at_home,other,home,other,15-30min,<2h,1-2,False,False,False,False,True,False,True,False,Bad,Low,Normal,Moderately,A lot,Good,16,10.0,Failed
648,648,MS,M,Major,R,LE3,T,Secondary,Middle,services,other,course,mother,30min-1h,<2h,No,False,False,False,False,False,True,True,False,Excellent,High,Low,Moderately,A lot,Good,4,10.0,Failed
633,633,MS,F,Major,R,LE3,T,Higher,Higher,teacher,services,course,mother,<15min,2-5h,No,False,False,False,True,True,True,True,False,Excellent,High,Normal,Moderately,A lot,Bad,1,13.0,Failed
368,368,GP,M,Major,U,LE3,T,Higher,Higher,other,other,reputation,father,<15min,<2h,No,False,True,False,False,True,True,True,False,Excellent,Low,High,Moderately,A lot,Good,2,9.0,Passed
458,458,MS,F,Minor,R,GT3,T,Primary,Primary,other,other,home,father,>1h,>10h,No,False,True,False,False,False,True,True,False,Excellent,Normal,Low,No,No,Bad,0,12.0,Failed
383,383,GP,M,Major,U,LE3,T,Middle,Middle,other,other,course,mother,<15min,>10h,No,False,True,True,True,True,True,True,False,Excellent,High,High,Moderately,A lot,Good,0,11.0,Failed
43,43,GP,M,Minor,U,GT3,T,Middle,Middle,services,services,course,father,<15min,<2h,No,True,True,False,False,True,True,True,False,Excellent,High,Low,No,No,Bad,0,9.0,Passed
497,497,MS,M,Minor,U,GT3,T,Secondary,Secondary,services,at_home,course,mother,15-30min,>10h,1-2,False,True,True,True,True,True,False,False,Excellent,High,High,Moderately,A lot,Good,0,10.0,Failed
271,271,GP,F,Minor,U,GT3,T,Higher,Higher,teacher,services,course,mother,<15min,2-5h,No,False,True,True,False,True,True,True,True,Excellent,Normal,Low,No,A lot,Good,2,11.0,Failed
627,627,MS,M,Major,R,LE3,T,Primary,Middle,at_home,services,other,father,30min-1h,<2h,No,False,True,False,True,True,False,True,True,Excellent,Normal,Normal,Moderately,Moderately,Normal,3,9.0,Passed
103,103,GP,F,Minor,U,GT3,T,Secondary,Middle,services,other,home,mother,15-30min,2-5h,No,True,True,False,False,True,True,True,False,Excellent,Normal,High,No,No,Bad,16,10.0,Failed
211,211,GP,M,Minor,R,LE3,T,Secondary,Secondary,teacher,other,home,father,30min-1h,<2h,No,False,True,False,True,True,True,True,False,Normal,Normal,High,Moderately,A lot,Normal,16,11.0,Failed
107,107,GP,M,Minor,U,GT3,T,Secondary,Secondary,services,other,home,father,<15min,5-10h,No,False,True,False,True,True,True,True,False,Excellent,Normal,Normal,No,No,Good,4,13.0,Failed
425,425,MS,F,Minor,R,GT3,T,Primary,Primary,at_home,services,other,mother,<15min,<2h,1-2,False,True,False,False,True,True,False,True,Excellent,Low,Normal,No,No,Bad,6,10.0,Failed
192,192,GP,M,Minor,R,GT3,T,Higher,Middle,teacher,services,other,mother,<15min,<2h,No,False,True,False,True,True,True,True,True,Excellent,Normal,Normal,Moderately,A lot,Normal,8,10.0,Failed
352,352,GP,M,Major,R,GT3,T,Secondary,Secondary,other,services,reputation,father,<15min,2-5h,No,False,False,False,True,True,True,False,True,Excellent,High,Normal,No,Moderately,Good,0,10.0,Failed
445,445,MS,M,Minor,R,GT3,T,Primary,Primary,other,other,course,mother,>1h,2-5h,No,False,True,False,True,True,True,False,True,Excellent,High,High,Moderately,A lot,Good,8,8.0,Passed
397,397,GP,F,Minor,U,GT3,A,Middle,Middle,at_home,at_home,home,father,<15min,2-5h,No,False,True,False,False,True,True,True,True,Normal,Normal,Low,No,Moderately,Good,18,12.0,Failed
592,592,MS,F,Minor,U,GT3,T,Secondary,Secondary,services,services,course,mother,15-30min,<2h,No,False,True,False,False,True,True,True,False,Excellent,High,Normal,No,No,Good,0,12.0,Failed
611,611,MS,F,Major,R,GT3,T,Middle,Middle,services,other,home,mother,15-30min,5-10h,No,False,False,False,False,True,True,True,True,Excellent,Low,Low,No,No,Good,5,14.0,Failed
640,640,MS,M,Major,R,GT3,T,Higher,Middle,other,other,home,father,15-30min,<2h,1-2,False,False,True,False,True,True,False,False,Excellent,High,Normal,A lot,Moderately,Normal,0,4.0,Passed
555,555,MS,F,Minor,R,GT3,T,Primary,Middle,other,other,home,father,<15min,5-10h,No,True,True,False,False,False,True,True,True,Excellent,Normal,High,No,No,Normal,5,13.0,Failed
426,426,MS,F,Minor,R,GT3,T,Secondary,Secondary,at_home,other,course,mother,15-30min,<2h,No,False,True,False,False,True,True,True,False,Excellent,High,High,Moderately,Moderately,Good,4,10.0,Failed
225,225,GP,M,Minor,U,LE3,T,Higher,Higher,services,other,home,mother,<15min,2-5h,No,False,True,False,False,True,True,True,True,Excellent,Normal,High,A lot,A lot,Normal,15,12.0,Failed
157,157,GP,F,Minor,U,LE3,A,Middle,Primary,at_home,other,home,mother,15-30min,<2h,No,False,True,False,True,True,False,True,True,Excellent,High,Low,No,No,Good,0,10.0,Failed
20,20,GP,M,Minor,U,GT3,T,Higher,Secondary,teacher,other,reputation,mother,<15min,2-5h,No,False,False,False,False,True,True,True,False,Excellent,High,Low,No,No,Bad,0,13.0,Failed
279,279,GP,M,Major,U,GT3,T,Secondary,Primary,services,services,other,mother,<15min,<2h,>3,False,False,False,False,False,False,True,True,Excellent,High,High,A lot,A lot,Bad,12,6.0,Passed
587,587,MS,F,Major,R,LE3,T,Middle,Middle,services,services,course,mother,<15min,2-5h,1-2,False,True,False,True,True,True,True,False,Bad,Normal,Normal,No,Moderately,Good,3,7.0,Passed
563,563,MS,M,Minor,U,GT3,T,Middle,Middle,other,other,course,mother,<15min,<2h,1-2,False,False,False,True,True,True,False,True,Bad,Low,Low,Moderately,Moderately,Good,0,2.0,Passed
276,276,GP,M,Minor,U,GT3,T,Middle,Primary,other,other,course,mother,30min-1h,<2h,No,False,False,False,False,True,True,True,False,Excellent,Normal,Normal,No,No,Good,7,15.0,Failed
394,394,GP,F,Minor,R,GT3,A,Secondary,Middle,other,other,home,mother,<15min,2-5h,No,False,True,False,False,True,True,True,False,Excellent,Normal,Normal,Moderately,Moderately,Bad,0,14.0,Failed
432,432,MS,F,Minor,R,GT3,T,Primary,Primary,other,other,other,father,<15min,<2h,1-2,False,True,False,False,False,False,True,False,Excellent,High,High,Moderately,Moderately,Good,0,6.0,Passed
217,217,GP,F,Minor,R,GT3,T,Middle,Middle,other,other,reputation,mother,<15min,<2h,No,False,True,False,False,True,True,True,False,Excellent,Normal,Low,No,Moderately,Normal,21,13.0,Failed
475,475,MS,F,Minor,U,GT3,T,Middle,Middle,other,services,course,mother,15-30min,5-10h,No,False,True,False,True,True,True,False,False,Excellent,Normal,Low,No,No,Good,0,13.0,Failed
305,305,GP,M,Minor,U,GT3,T,Middle,Middle,other,other,home,father,15-30min,<2h,No,False,False,False,False,True,False,True,False,Excellent,High,High,Moderately,Moderately,Good,8,8.0,Passed
494,494,MS,F,Minor,R,LE3,T,Primary,Middle,at_home,other,course,mother,<15min,2-5h,No,False,False,False,True,True,False,True,False,Excellent,High,High,No,Moderately,Normal,0,8.0,Passed
218,218,GP,F,Minor,R,GT3,T,Middle,Middle,services,services,reputation,mother,15-30min,>10h,No,False,True,False,True,False,True,True,False,Excellent,Normal,High,No,No,Good,6,13.0,Failed
582,582,MS,F,Major,U,LE3,A,Primary,Primary,at_home,other,course,mother,<15min,<2h,No,False,True,False,False,True,False,False,False,Bad,High,High,No,No,Good,0,7.0,Passed
188,188,GP,F,Minor,U,LE3,T,Secondary,Secondary,other,other,reputation,mother,15-30min,2-5h,No,False,True,False,True,True,True,True,False,Excellent,High,High,No,No,Good,0,14.0,Failed
287,287,GP,M,Minor,U,LE3,T,Primary,Primary,health,other,course,mother,15-30min,<2h,1-2,False,True,False,True,True,True,True,False,Excellent,High,High,No,Moderately,Good,0,9.0,Passed
449,449,MS,F,Minor,R,GT3,T,Primary,Middle,other,services,course,mother,15-30min,<2h,No,False,False,False,False,True,True,False,False,Excellent,Low,Low,No,No,Bad,3,12.0,Failed
489,489,MS,M,Major,R,GT3,T,Primary,Primary,other,other,home,mother,15-30min,<2h,1-2,False,False,False,True,True,False,True,False,Excellent,High,Normal,Moderately,A lot,Good,0,9.0,Passed
617,617,MS,F,Major,U,LE3,T,Primary,Primary,at_home,services,course,father,15-30min,5-10h,No,False,False,False,False,True,True,True,False,Excellent,Normal,Low,No,No,Good,0,18.0,Failed
621,621,MS,F,Minor,R,GT3,T,Primary,Middle,other,services,course,father,15-30min,2-5h,No,False,False,False,False,False,True,False,False,Normal,Low,Low,No,Moderately,Normal,0,13.0,Failed
471,471,MS,F,Minor,R,GT3,T,Middle,Middle,at_home,other,course,mother,15-30min,2-5h,1-2,False,True,False,True,False,True,False,False,Excellent,High,High,Moderately,Moderately,Good,2,11.0,Failed
340,340,GP,M,Minor,U,GT3,T,Secondary,Secondary,health,other,home,mother,<15min,<2h,No,False,True,False,False,True,True,True,False,Excellent,High,Normal,No,Moderately,Good,0,14.0,Failed
355,355,GP,F,Minor,U,GT3,T,Middle,Secondary,other,other,course,father,15-30min,2-5h,No,False,False,False,True,True,True,True,True,Excellent,Low,Low,No,No,Normal,2,12.0,Failed
602,602,MS,F,Major,U,LE3,T,Middle,Middle,services,services,course,father,15-30min,5-10h,No,False,False,False,False,True,True,True,True,Excellent,High,High,No,A lot,Normal,0,12.0,Failed
565,565,MS,M,Minor,R,LE3,T,Primary,Primary,at_home,other,course,mother,15-30min,<2h,No,False,False,False,True,True,True,True,False,Excellent,High,High,Moderately,A lot,Good,0,9.0,Passed
290,290,GP,F,Major,U,GT3,T,Middle,Middle,services,services,home,mother,<15min,2-5h,No,False,True,False,False,True,True,True,False,Excellent,Normal,Normal,No,No,Good,0,10.0,Failed
529,529,MS,F,Minor,U,LE3,T,Higher,Higher,services,services,other,father,15-30min,<2h,No,False,True,False,False,True,True,False,False,Excellent,Low,Normal,No,Moderately,Good,1,11.0,Failed
83,83,GP,M,Minor,U,LE3,T,Middle,Middle,services,services,home,mother,15-30min,2-5h,No,False,False,True,True,True,True,True,False,Excellent,Normal,Normal,No,Moderately,Good,2,12.0,Failed
62,62,GP,F,Minor,U,LE3,T,Primary,Middle,other,services,reputation,father,<15min,2-5h,No,True,False,False,True,True,True,True,False,Excellent,High,Normal,No,No,Bad,0,12.0,Failed
247,247,GP,M,Minor,U,GT3,T,Higher,Higher,health,other,reputation,father,<15min,2-5h,No,False,True,False,True,True,True,True,False,Excellent,Low,High,Moderately,A lot,Bad,0,13.0,Failed
544,544,MS,M,Minor,R,LE3,T,Primary,Secondary,other,other,course,father,15-30min,<2h,No,False,False,False,True,True,True,False,True,Excellent,Low,Low,Moderately,Moderately,Good,2,11.0,Failed
421,421,GP,F,Major,U,GT3,T,Primary,None,other,other,reputation,mother,15-30min,<2h,1-2,True,False,False,False,True,True,True,True,Excellent,Normal,Low,No,No,Good,5,9.0,Passed
92,92,GP,F,Minor,U,LE3,T,Secondary,Primary,other,other,home,father,<15min,2-5h,No,True,True,False,False,True,True,False,False,Normal,Normal,Normal,Moderately,Moderately,Bad,0,12.0,Failed
420,420,GP,F,Major,U,LE3,A,Middle,Middle,services,other,reputation,mother,15-30min,2-5h,No,False,True,False,False,True,True,True,False,Excellent,Low,High,No,Moderately,Good,10,16.0,Failed
249,249,GP,M,Minor,U,GT3,T,Secondary,Middle,at_home,other,reputation,mother,15-30min,5-10h,No,False,False,False,True,True,True,True,True,Excellent,Normal,Normal,No,Moderately,Bad,0,12.0,Failed
522,522,MS,F,Minor,U,GT3,T,Higher,Higher,health,health,course,mother,<15min,2-5h,No,False,True,False,False,True,True,True,True,Excellent,Normal,High,No,Moderately,Normal,4,8.0,Passed
638,638,MS,M,Minor,U,GT3,T,Middle,Secondary,other,services,home,father,15-30min,2-5h,No,False,False,False,True,True,True,True,False,Excellent,High,Normal,No,No,Normal,4,15.0,Failed
513,513,MS,F,Minor,U,GT3,T,Secondary,Primary,other,other,course,mother,<15min,<2h,No,False,False,False,True,True,True,True,False,Normal,Low,Normal,No,Moderately,Bad,0,7.0,Passed
487,487,MS,F,Major,R,LE3,A,Secondary,Middle,other,other,course,other,15-30min,5-10h,1-2,False,True,False,False,False,False,False,True,Normal,Normal,Low,No,No,Bad,6,8.0,Passed
514,514,MS,F,Minor,U,GT3,T,Secondary,Middle,services,at_home,course,mother,<15min,<2h,No,False,False,False,False,True,True,True,False,Normal,Low,Normal,No,A lot,Normal,2,6.0,Passed
642,642,MS,F,Minor,U,GT3,T,Higher,Secondary,teacher,other,other,mother,15-30min,2-5h,No,False,False,False,False,True,True,True,False,Excellent,High,High,No,No,Bad,0,8.0,Passed
28,28,GP,M,Minor,U,LE3,A,Secondary,Higher,services,other,home,mother,<15min,2-5h,No,True,True,True,True,True,True,True,False,Excellent,Normal,Normal,No,No,Good,2,12.0,Failed
240,240,GP,F,Minor,U,GT3,T,Secondary,Middle,other,other,course,mother,<15min,2-5h,No,False,False,False,True,False,True,True,False,Excellent,Normal,High,No,Moderately,Normal,2,17.0,Failed
439,439,MS,F,Minor,R,GT3,T,Secondary,Secondary,other,services,course,father,15-30min,<2h,No,False,False,False,False,False,True,True,False,Excellent,Low,Normal,No,No,Good,0,15.0,Failed
610,610,MS,F,Major,R,GT3,A,Primary,Primary,at_home,at_home,course,other,15-30min,2-5h,>3,False,True,False,True,True,False,False,True,Normal,High,High,No,A lot,Bad,0,2.0,Passed
84,84,GP,F,Minor,U,GT3,T,Primary,Primary,other,other,home,father,<15min,2-5h,No,False,True,False,True,False,True,True,False,Excellent,Normal,Low,Moderately,Moderately,Good,2,12.0,Failed
174,174,GP,M,Minor,R,LE3,T,Middle,Primary,at_home,other,course,mother,15-30min,<2h,1-2,False,False,True,True,True,False,True,True,Normal,Normal,Low,Moderately,Moderately,Good,8,8.0,Passed
135,135,GP,F,Minor,U,GT3,A,Secondary,Higher,services,other,course,father,<15min,<2h,No,False,False,False,False,True,True,True,False,Normal,Low,Low,No,A lot,Good,12,14.0,Failed
205,205,GP,F,Minor,U,GT3,T,Primary,Primary,at_home,services,course,mother,<15min,2-5h,No,False,False,False,True,True,True,True,False,Excellent,Normal,Normal,No,No,Normal,0,11.0,Failed
265,265,GP,F,Minor,R,LE3,T,Primary,Primary,at_home,other,course,mother,15-30min,5-10h,No,False,False,False,True,True,True,True,False,Excellent,Normal,Normal,No,Moderately,Good,4,14.0,Failed
72,72,GP,F,Minor,R,GT3,T,Primary,Primary,other,other,reputation,mother,<15min,2-5h,No,True,True,False,False,False,True,True,True,Normal,Normal,High,Moderately,A lot,Good,2,11.0,Failed
273,273,GP,F,Minor,U,GT3,T,Secondary,Secondary,services,other,home,mother,15-30min,5-10h,No,False,True,False,False,True,True,True,True,Excellent,Low,Low,Moderately,Moderately,Good,10,11.0,Failed
590,590,MS,F,Major,U,GT3,T,Primary,Primary,other,other,course,mother,30min-1h,2-5h,1-2,False,False,False,True,True,True,False,True,Normal,High,High,Moderately,Moderately,Good,3,7.0,Passed
613,613,MS,F,Major,U,GT3,T,Secondary,Secondary,services,services,course,father,<15min,2-5h,No,False,True,False,False,True,True,False,True,Excellent,Normal,High,No,No,Good,0,10.0,Failed
361,361,GP,M,Major,U,GT3,T,Higher,Middle,health,other,course,mother,15-30min,2-5h,No,False,True,False,True,True,True,True,True,Excellent,High,High,No,No,Bad,9,10.0,Failed
636,636,MS,M,Major,U,GT3,T,Higher,Higher,teacher,teacher,home,father,<15min,2-5h,No,False,False,False,True,False,True,True,False,Normal,Low,High,No,A lot,Bad,4,18.0,Failed
328,328,GP,F,Major,U,GT3,T,Primary,Primary,other,other,home,mother,15-30min,2-5h,No,True,False,False,True,True,True,True,False,Excellent,High,High,No,No,Good,0,12.0,Failed
169,169,GP,M,Minor,R,LE3,T,Primary,Middle,other,other,reputation,mother,<15min,<2h,>3,False,False,False,False,True,True,False,False,Bad,Low,Low,Moderately,Moderately,Good,14,9.0,Passed
612,612,MS,M,Minor,R,GT3,T,Higher,Secondary,services,other,home,mother,15-30min,2-5h,1-2,False,True,True,True,False,True,True,True,Excellent,High,High,No,Moderately,Bad,4,10.0,Failed
224,224,GP,F,Major,U,GT3,T,Secondary,Secondary,other,other,reputation,other,<15min,>10h,No,False,True,False,True,True,True,True,False,Excellent,Normal,Normal,No,Moderately,Normal,4,12.0,Failed
330,330,GP,F,Major,U,GT3,T,Middle,Primary,other,other,reputation,mother,15-30min,2-5h,No,False,False,False,True,True,True,True,True,Excellent,Normal,Low,No,No,Good,10,13.0,Failed
220,220,GP,F,Minor,U,GT3,A,Secondary,Primary,services,other,course,mother,<15min,2-5h,No,False,True,False,False,True,True,True,False,Bad,Normal,Normal,Moderately,Moderately,Good,2,11.0,Failed
385,385,GP,F,Major,U,GT3,T,Middle,Middle,at_home,other,course,mother,>1h,2-5h,No,False,False,False,True,True,True,False,True,Excellent,Low,High,No,No,Bad,2,9.0,Passed
172,172,GP,M,Minor,U,GT3,T,Secondary,Secondary,other,services,course,father,<15min,2-5h,1-2,False,True,False,False,True,True,True,True,Excellent,High,High,A lot,A lot,Good,0,7.0,Passed
350,350,GP,M,Major,R,LE3,T,Middle,Primary,at_home,services,course,mother,15-30min,5-10h,1-2,False,False,False,True,True,True,True,True,Excellent,Normal,Low,No,No,Good,0,10.0,Failed
399,399,GP,F,Major,U,GT3,T,Secondary,Middle,other,services,other,mother,<15min,5-10h,No,False,False,False,False,True,True,True,True,Excellent,High,Normal,Moderately,Moderately,Bad,4,15.0,Failed
491,491,MS,F,Major,U,GT3,T,Primary,Primary,other,other,course,other,15-30min,2-5h,1-2,False,True,False,False,True,True,True,True,Bad,Low,High,A lot,No,Bad,12,8.0,Passed
108,108,GP,M,Minor,R,GT3,T,Higher,Higher,other,other,home,father,>1h,>10h,No,False,True,False,True,True,True,True,True,Bad,Normal,High,Moderately,A lot,Bad,8,11.0,Failed
639,639,MS,M,Major,R,GT3,T,Primary,Primary,other,services,other,mother,15-30min,<2h,1-2,False,False,False,False,True,True,False,False,Excellent,Normal,Low,No,Moderately,Good,0,4.0,Passed
510,510,MS,F,Minor,R,GT3,T,Middle,Middle,other,other,reputation,mother,15-30min,2-5h,No,False,True,False,True,True,True,False,False,Excellent,Normal,Low,No,No,Bad,0,16.0,Failed
12,12,GP,M,Minor,U,LE3,T,Higher,Higher,health,services,course,father,<15min,<2h,No,False,True,False,True,True,True,True,False,Excellent,Normal,Normal,No,Moderately,Good,0,12.0,Failed
140,140,GP,M,Minor,R,GT3,T,Secondary,Higher,at_home,other,course,mother,30min-1h,2-5h,No,False,False,False,False,True,True,False,False,Excellent,High,High,Moderately,A lot,Good,2,9.0,Passed
322,322,GP,F,Major,R,GT3,T,Secondary,Middle,services,services,reputation,father,<15min,2-5h,1-2,True,True,False,False,True,False,True,False,Normal,Normal,Normal,A lot,Moderately,Normal,0,9.0,Passed
530,530,MS,M,Minor,U,GT3,T,Secondary,Secondary,services,services,home,mother,<15min,<2h,No,False,True,False,True,True,True,True,False,Excellent,Low,High,A lot,A lot,Normal,8,8.0,Passed
191,191,GP,M,Minor,U,GT3,T,Secondary,Secondary,other,other,reputation,father,<15min,2-5h,No,False,False,False,True,False,True,True,False,Excellent,Normal,High,No,A lot,Good,4,10.0,Failed
320,320,GP,F,Major,U,GT3,T,Higher,Higher,health,health,reputation,father,<15min,2-5h,1-2,True,True,False,True,True,True,True,True,Bad,High,High,No,No,Good,2,13.0,Failed
131,131,GP,F,Major,U,GT3,T,Middle,Primary,services,other,reputation,mother,<15min,2-5h,>3,False,True,False,True,True,False,True,True,Excellent,High,High,No,Moderately,Good,10,9.0,Passed
382,382,GP,F,Minor,U,GT3,T,Secondary,Secondary,at_home,other,course,mother,<15min,<2h,No,False,True,True,True,True,True,True,False,Excellent,Low,High,Moderately,A lot,Good,2,11.0,Failed
443,443,MS,M,Minor,R,LE3,T,Higher,Primary,health,services,reputation,father,<15min,2-5h,No,False,True,False,True,True,True,True,False,Excellent,Normal,High,No,Moderately,Bad,7,8.0,Passed
310,310,GP,F,Major,R,GT3,T,Middle,Primary,other,other,reputation,mother,15-30min,2-5h,No,False,True,False,False,True,False,True,True,Excellent,Normal,High,No,Moderately,Normal,12,9.0,Passed
364,364,GP,F,Minor,U,GT3,T,Higher,Higher,health,health,course,mother,<15min,<2h,No,False,False,False,True,True,True,True,False,Excellent,Normal,High,No,Moderately,Good,2,15.0,Failed
38,38,GP,F,Minor,R,GT3,T,Secondary,Higher,services,health,course,mother,<15min,5-10h,No,True,True,False,True,True,True,True,False,Excellent,Normal,Low,No,No,Good,2,11.0,Failed
380,380,GP,F,Minor,U,GT3,T,Higher,Higher,teacher,services,course,mother,<15min,5-10h,No,False,True,False,True,True,True,True,False,Excellent,High,High,No,Moderately,Good,0,12.0,Failed
219,219,GP,F,Minor,U,GT3,T,Secondary,Higher,at_home,services,home,mother,<15min,5-10h,1-2,False,True,True,False,True,True,True,True,Excellent,High,Normal,Moderately,A lot,Good,14,8.0,Passed
30,30,GP,M,Minor,U,GT3,T,Higher,Higher,health,services,home,mother,<15min,2-5h,No,False,True,True,False,False,True,True,False,Excellent,High,Low,Moderately,A lot,Good,0,10.0,Failed
597,597,MS,F,Major,R,GT3,T,Middle,Middle,at_home,other,course,mother,30min-1h,2-5h,1-2,False,False,False,True,True,True,False,True,Excellent,Normal,Normal,No,No,Good,0,3.0,Passed
468,468,MS,M,Minor,U,GT3,T,Middle,Middle,health,other,reputation,mother,30min-1h,<2h,No,False,False,False,False,True,True,False,False,Excellent,Normal,Normal,No,Moderately,Good,1,12.0,Failed
442,442,MS,M,Minor,R,LE3,T,Higher,Primary,health,services,reputation,father,<15min,2-5h,No,False,True,False,True,True,True,True,False,Excellent,Normal,High,No,Moderately,Bad,0,13.0,Failed
586,586,MS,F,Minor,U,GT3,T,Higher,Middle,teacher,services,home,mother,<15min,2-5h,No,True,True,False,True,True,True,True,False,Excellent,High,High,No,Moderately,Good,0,5.0,Passed
616,616,MS,M,Major,U,LE3,T,Primary,Primary,other,services,home,father,15-30min,<2h,No,False,False,False,False,False,True,True,True,Normal,Normal,Low,No,Moderately,Normal,2,13.0,Failed
523,523,MS,M,Major,U,LE3,T,Higher,Higher,at_home,health,home,mother,<15min,>10h,No,False,True,False,True,True,False,True,True,Excellent,High,High,A lot,A lot,Good,2,5.0,Passed
102,102,GP,M,Minor,U,GT3,T,Higher,Higher,services,other,course,mother,<15min,<2h,No,False,True,True,True,False,True,True,False,Excellent,Normal,Normal,No,No,Good,2,12.0,Failed
234,234,GP,F,Minor,R,GT3,T,Middle,Primary,at_home,services,reputation,mother,15-30min,2-5h,No,False,True,False,True,True,True,True,False,Excellent,Low,High,No,Moderately,Good,0,10.0,Failed
580,580,MS,M,Major,R,GT3,T,Primary,Primary,other,other,home,other,30min-1h,<2h,1-2,False,True,False,False,True,True,True,False,Excellent,High,High,Moderately,Moderately,Good,4,9.0,Passed
411,411,GP,M,Minor,U,LE3,A,Higher,Higher,health,other,reputation,mother,<15min,5-10h,No,False,True,False,False,True,True,True,False,Excellent,High,Low,No,Moderately,Good,2,14.0,Failed
438,438,MS,F,Minor,R,GT3,T,Middle,Secondary,other,other,course,mother,15-30min,<2h,No,False,True,False,False,True,True,True,False,Excellent,High,High,No,Moderately,Normal,2,11.0,Failed
185,185,GP,M,Minor,U,GT3,T,Primary,None,other,other,reputation,mother,15-30min,2-5h,No,False,True,False,True,True,True,True,True,Excellent,Normal,Low,No,No,Normal,0,17.0,Failed
628,628,MS,F,Minor,U,GT3,T,Middle,Middle,other,at_home,home,mother,<15min,5-10h,No,False,False,False,True,True,True,False,True,Normal,High,Normal,No,No,Normal,8,11.0,Failed
631,631,MS,F,Major,R,GT3,T,Primary,Primary,other,other,home,mother,>1h,5-10h,No,False,False,False,False,True,True,True,False,Excellent,Normal,Low,No,Moderately,Good,4,11.0,Failed
556,556,MS,M,Minor,R,LE3,T,Primary,Middle,other,at_home,course,mother,<15min,<2h,No,False,False,False,False,True,True,False,False,Excellent,High,High,Moderately,A lot,Good,4,10.0,Failed
282,282,GP,M,Major,U,GT3,T,Secondary,Middle,services,other,course,mother,15-30min,<2h,No,False,False,False,False,True,False,True,False,Excellent,High,High,Moderately,A lot,Good,8,7.0,Passed
351,351,GP,M,Major,U,GT3,A,Secondary,Middle,services,other,course,other,<15min,<2h,1-2,False,False,False,True,True,True,False,False,Excellent,High,Normal,No,No,Good,0,14.0,Failed
376,376,GP,F,Major,U,GT3,T,Primary,Primary,other,other,home,mother,15-30min,5-10h,No,False,False,False,True,True,True,True,False,Excellent,High,High,No,Moderately,Bad,0,14.0,Failed
575,575,MS,F,Major,R,GT3,A,Higher,Secondary,services,services,course,mother,<15min,<2h,No,False,True,False,False,True,True,True,False,Excellent,High,High,Moderately,A lot,Bad,8,10.0,Failed
79,79,GP,F,Minor,U,GT3,T,Secondary,Higher,at_home,other,course,mother,<15min,2-5h,No,False,True,False,False,True,True,True,False,Bad,High,Normal,No,Moderately,Normal,14,11.0,Failed
357,357,GP,F,Major,U,GT3,T,Higher,Secondary,other,other,course,mother,<15min,5-10h,No,False,True,False,True,True,True,True,True,Excellent,Normal,High,No,No,Good,2,15.0,Failed
535,535,MS,M,Minor,R,GT3,T,Primary,Middle,other,services,course,mother,30min-1h,2-5h,No,False,True,False,True,True,True,False,False,Excellent,High,High,No,Moderately,Good,11,10.0,Failed
417,417,GP,F,Major,U,GT3,T,Secondary,Middle,at_home,other,reputation,father,<15min,5-10h,No,False,True,False,False,True,True,True,True,Excellent,Normal,High,No,Moderately,Bad,5,16.0,Failed
154,154,GP,F,Minor,U,LE3,T,Primary,Primary,at_home,at_home,course,mother,<15min,<2h,No,False,False,False,False,True,True,True,False,Normal,High,High,Moderately,Moderately,Bad,4,10.0,Failed
567,567,MS,M,Major,R,GT3,T,Secondary,Middle,services,other,course,mother,<15min,<2h,1-2,False,False,False,False,True,False,True,False,Bad,Normal,Low,Moderately,Moderately,Good,0,1.0,Passed
144,144,GP,F,Minor,R,GT3,T,Primary,Primary,other,services,reputation,mother,15-30min,<2h,No,False,True,False,True,True,True,False,True,Normal,Normal,Normal,No,Moderately,Bad,8,11.0,Failed
493,493,MS,F,Minor,U,GT3,T,None,Primary,other,at_home,course,father,15-30min,<2h,No,False,False,False,True,False,True,False,False,Bad,High,High,Moderately,A lot,Good,5,9.0,Passed
153,153,GP,F,Minor,U,GT3,T,Higher,Higher,teacher,services,course,mother,<15min,5-10h,No,False,True,False,True,True,True,True,False,Excellent,Low,Low,No,No,Good,2,13.0,Failed
537,537,MS,M,Minor,U,LE3,A,Middle,Primary,services,services,course,mother,<15min,<2h,No,False,False,False,True,True,True,True,False,Excellent,Normal,Normal,No,Moderately,Good,11,12.0,Failed
495,495,MS,F,Minor,U,GT3,T,Secondary,Secondary,other,other,reputation,mother,<15min,<2h,No,False,False,False,True,True,False,True,True,Excellent,High,High,No,No,Good,0,13.0,Failed
194,194,GP,M,Minor,U,GT3,T,Higher,Secondary,teacher,other,home,mother,<15min,2-5h,No,False,True,True,True,True,True,True,False,Normal,High,Normal,Moderately,Moderately,Normal,4,10.0,Failed
427,427,MS,F,Minor,R,GT3,T,Middle,Secondary,at_home,services,course,mother,15-30min,2-5h,No,False,False,False,False,True,True,False,False,Excellent,High,Low,No,Moderately,Good,0,16.0,Failed
313,313,GP,F,Major,U,LE3,T,Primary,Primary,other,other,home,mother,15-30min,2-5h,No,False,True,False,False,False,True,False,False,Excellent,High,Normal,No,No,Normal,2,13.0,Failed
552,552,MS,M,Major,U,GT3,T,Primary,Primary,other,other,other,mother,<15min,2-5h,1-2,False,True,False,True,True,False,True,False,Excellent,High,Normal,Moderately,A lot,Good,2,9.0,Passed
455,455,MS,F,Minor,U,GT3,T,Middle,Primary,at_home,other,home,mother,<15min,2-5h,No,True,True,False,False,False,True,True,False,Excellent,High,Low,Moderately,Moderately,Bad,0,9.0,Passed
641,641,MS,F,Major,R,GT3,T,Middle,Middle,at_home,other,other,mother,15-30min,5-10h,No,False,False,False,False,True,True,False,False,Excellent,Normal,Normal,No,Moderately,Good,0,15.0,Failed
562,562,MS,F,Minor,R,LE3,T,Middle,Middle,other,services,course,father,<15min,2-5h,No,False,False,False,True,True,True,False,True,Excellent,High,Normal,No,No,Bad,0,12.0,Failed
484,484,MS,F,Minor,U,LE3,A,Middle,Middle,other,other,home,mother,<15min,<2h,No,False,True,False,False,True,False,False,False,Excellent,Normal,High,No,Moderately,Bad,6,7.0,Passed
517,517,MS,F,Minor,R,LE3,T,Primary,Middle,other,other,reputation,mother,15-30min,<2h,No,False,False,False,True,True,True,True,False,Excellent,High,High,No,A lot,Bad,0,14.0,Failed
466,466,MS,M,Minor,U,GT3,T,Secondary,Primary,other,services,home,mother,15-30min,<2h,No,False,True,False,False,True,True,False,False,Normal,Low,Normal,No,Moderately,Good,0,10.0,Failed
409,409,GP,M,Major,U,LE3,A,Secondary,Higher,other,other,reputation,other,<15min,2-5h,No,False,False,False,True,True,True,True,True,Excellent,Normal,High,No,A lot,Bad,9,14.0,Failed
404,404,GP,F,Minor,U,GT3,T,Middle,Primary,services,other,reputation,mother,<15min,2-5h,No,False,True,False,True,True,True,True,False,Excellent,Normal,High,Moderately,A lot,Good,4,14.0,Failed
509,509,MS,F,Minor,R,LE3,T,Primary,Primary,at_home,other,course,father,30min-1h,2-5h,No,False,True,False,False,True,True,False,False,Excellent,Normal,Low,No,No,Bad,0,17.0,Failed
601,601,MS,F,Major,U,GT3,T,Middle,Middle,other,other,course,mother,15-30min,2-5h,No,False,True,False,False,False,True,True,True,Bad,Normal,Low,No,No,Bad,4,8.0,Passed
269,269,GP,M,Minor,U,LE3,T,Higher,Secondary,teacher,other,course,mother,<15min,<2h,No,False,False,False,True,False,True,True,False,Excellent,High,High,No,No,Normal,7,14.0,Failed
502,502,MS,M,Minor,R,LE3,T,Middle,Middle,services,services,other,mother,30min-1h,>10h,1-2,False,True,False,False,True,True,False,False,Bad,Normal,High,Moderately,A lot,Normal,2,9.0,Passed
201,201,GP,M,Minor,U,LE3,T,Middle,Primary,other,other,course,mother,<15min,2-5h,No,False,False,False,True,True,True,True,True,Excellent,Low,Normal,No,Moderately,Good,0,14.0,Failed
280,280,GP,M,Major,R,LE3,T,Secondary,Secondary,other,services,course,mother,<15min,2-5h,No,False,True,False,False,True,True,True,True,Excellent,Normal,Normal,No,Moderately,Good,8,9.0,Passed
527,527,MS,M,Minor,U,LE3,T,Middle,Middle,services,services,other,mother,>1h,5-10h,No,False,False,False,False,True,True,False,False,Excellent,Low,Normal,Moderately,Moderately,Normal,0,9.0,Passed
433,433,MS,F,Minor,R,GT3,T,Higher,Higher,teacher,other,course,mother,15-30min,<2h,No,False,False,False,False,True,True,True,True,Bad,High,Low,Moderately,A lot,Good,0,13.0,Failed
375,375,GP,F,Minor,U,LE3,T,None,Middle,at_home,at_home,home,father,15-30min,5-10h,No,False,False,False,False,True,True,True,False,Normal,Normal,Normal,Moderately,Moderately,Bad,0,14.0,Failed
348,348,GP,F,Minor,U,GT3,T,Higher,Middle,other,other,reputation,mother,15-30min,5-10h,No,False,True,False,False,True,True,True,False,Excellent,Normal,Normal,No,No,Normal,0,16.0,Failed
379,379,GP,M,Minor,R,GT3,T,Middle,Middle,services,other,course,mother,>1h,<2h,No,False,True,False,False,True,True,True,False,Excellent,High,High,A lot,A lot,Good,2,10.0,Failed
230,230,GP,F,Minor,U,GT3,T,Higher,Secondary,other,other,reputation,mother,<15min,2-5h,No,False,False,False,False,True,True,True,True,Normal,High,High,Moderately,A lot,Bad,16,10.0,Failed
32,32,GP,M,Minor,R,GT3,T,Higher,Secondary,teacher,at_home,course,mother,<15min,2-5h,No,False,True,False,True,True,True,True,True,Excellent,High,Low,No,No,Good,0,14.0,Failed
1,1,GP,F,Minor,U,GT3,T,Primary,Primary,at_home,other,course,father,<15min,2-5h,No,False,True,False,False,False,True,True,False,Excellent,Normal,Normal,No,No,Normal,2,10.0,Failed
354,354,GP,F,Major,U,GT3,T,Middle,Primary,services,other,course,mother,15-30min,2-5h,No,False,True,False,True,True,True,True,False,Excellent,Normal,Normal,No,Moderately,Bad,2,13.0,Failed
293,293,GP,F,Major,U,LE3,T,Primary,Primary,other,at_home,home,mother,<15min,5-10h,No,False,True,False,False,False,True,False,False,Excellent,High,Normal,Moderately,Moderately,Normal,4,12.0,Failed
604,604,MS,F,Major,U,GT3,T,Primary,Primary,at_home,services,course,mother,30min-1h,2-5h,1-2,False,False,False,False,True,False,False,False,Excellent,High,Low,No,Moderately,Bad,2,9.0,Passed
620,620,MS,F,Minor,U,LE3,T,Higher,Higher,at_home,at_home,course,mother,<15min,2-5h,No,False,True,False,True,True,True,True,True,Bad,Normal,High,No,No,Bad,4,14.0,Failed
158,158,GP,F,Minor,U,GT3,T,Secondary,Middle,health,services,home,father,<15min,2-5h,1-2,False,True,False,False,True,True,True,False,Normal,Normal,Low,No,No,Normal,2,11.0,Failed
258,258,GP,F,Minor,U,GT3,T,Secondary,Middle,other,other,course,father,<15min,2-5h,No,False,False,False,True,True,True,False,False,Excellent,High,Low,No,No,Normal,4,14.0,Failed
573,573,MS,F,Minor,U,GT3,T,Primary,Primary,other,at_home,course,mother,<15min,<2h,No,False,True,False,True,True,True,False,False,Excellent,Normal,Low,No,Moderately,Good,9,8.0,Passed
248,248,GP,M,Minor,U,LE3,T,Primary,Primary,other,other,home,mother,15-30min,2-5h,No,False,True,False,False,True,True,True,False,Normal,High,Low,No,No,Good,2,9.0,Passed
626,626,MS,F,Major,R,GT3,T,Higher,Higher,other,teacher,other,father,30min-1h,2-5h,No,False,True,False,False,False,True,True,True,Normal,Low,Low,A lot,Moderately,Good,0,4.0,Passed
19,19,GP,M,Minor,U,LE3,T,Higher,Secondary,health,other,home,father,<15min,<2h,No,False,False,False,True,True,True,True,False,Normal,Low,Normal,No,Moderately,Good,6,12.0,Failed
165,165,GP,F,Minor,R,GT3,T,Secondary,Secondary,services,services,reputation,other,15-30min,5-10h,No,False,True,True,True,True,True,True,True,Excellent,Low,Low,Moderately,Moderately,Normal,2,13.0,Failed
338,338,GP,F,Minor,R,LE3,T,Secondary,Primary,services,other,reputation,mother,15-30min,>10h,No,False,True,False,False,True,True,False,False,Normal,Low,Low,No,No,Normal,0,18.0,Failed
608,608,MS,F,Major,U,LE3,A,Primary,Primary,at_home,services,course,mother,<15min,2-5h,No,False,False,False,False,True,True,False,True,Excellent,Low,Normal,No,Moderately,Normal,2,9.0,Passed
469,469,MS,M,Minor,U,GT3,T,Higher,Higher,other,teacher,course,father,<15min,2-5h,No,False,True,False,True,True,True,False,True,Excellent,Normal,Low,No,No,Normal,0,12.0,Failed
245,245,GP,M,Minor,R,GT3,T,Middle,Middle,other,other,course,father,15-30min,2-5h,No,False,True,False,True,True,True,True,False,Excellent,High,Low,No,No,Bad,0,12.0,Failed
228,228,GP,F,Minor,R,LE3,T,Higher,Higher,services,other,other,mother,<15min,<2h,No,False,True,False,False,True,True,False,False,Excellent,Low,Low,No,Moderately,Normal,6,11.0,Failed
450,450,MS,F,Minor,R,GT3,T,Middle,Secondary,other,services,course,mother,30min-1h,2-5h,No,False,True,False,False,True,True,True,False,Excellent,High,High,No,Moderately,Bad,2,15.0,Failed
373,373,GP,F,Minor,R,LE3,T,Middle,Middle,services,services,course,mother,<15min,5-10h,No,False,True,False,True,True,True,True,False,Normal,Normal,Low,Moderately,Moderately,Normal,0,10.0,Failed
42,42,GP,M,Minor,U,GT3,T,Higher,Higher,services,teacher,course,father,<15min,2-5h,No,False,True,False,True,True,True,True,False,Excellent,Normal,Normal,No,No,Good,0,14.0,Failed
259,259,GP,F,Minor,U,LE3,T,Primary,Primary,at_home,at_home,course,mother,<15min,5-10h,No,False,True,False,True,True,True,True,True,Excellent,Normal,Low,No,Moderately,Good,10,10.0,Failed
374,374,GP,F,Minor,U,GT3,T,Secondary,Primary,services,services,course,father,<15min,5-10h,No,False,True,False,False,False,True,True,False,Normal,High,Normal,Moderately,Moderately,Good,0,17.0,Failed
629,629,MS,F,Minor,R,GT3,T,Primary,Middle,other,other,course,mother,<15min,<2h,No,False,False,False,True,True,True,True,False,Normal,High,High,No,Moderately,Bad,4,8.0,Passed
302,302,GP,M,Major,R,GT3,T,Secondary,Middle,other,other,course,mother,<15min,5-10h,No,False,False,False,True,False,True,False,False,Excellent,Normal,Low,No,No,Normal,2,11.0,Failed
187,187,GP,F,Minor,U,GT3,T,Primary,Secondary,at_home,services,home,mother,<15min,2-5h,No,False,False,False,True,False,True,True,True,Excellent,Normal,High,No,No,Normal,0,13.0,Failed
166,166,GP,M,Major,U,GT3,T,Secondary,Middle,services,at_home,home,mother,<15min,<2h,No,False,True,False,False,True,False,True,True,Excellent,High,High,No,No,Good,6,10.0,Failed
156,156,GP,F,Minor,U,GT3,T,Primary,Primary,other,services,course,father,<15min,2-5h,No,False,True,False,False,True,True,True,False,Excellent,High,Low,No,Moderately,Good,0,12.0,Failed
304,304,GP,F,Major,U,GT3,T,Middle,Middle,at_home,services,home,mother,<15min,5-10h,No,False,True,False,True,True,True,True,True,Excellent,Normal,Normal,No,No,Normal,0,12.0,Failed
21,21,GP,M,Minor,U,GT3,T,Higher,Higher,health,health,other,father,<15min,<2h,No,False,True,True,False,True,True,True,False,Excellent,High,Low,No,No,Good,0,11.0,Failed
68,68,GP,F,Minor,R,LE3,T,Middle,Middle,health,services,reputation,mother,15-30min,2-5h,No,True,True,False,False,True,True,True,False,Excellent,Low,Normal,No,Moderately,Good,0,10.0,Failed
457,457,MS,M,Minor,R,LE3,T,Primary,Middle,at_home,services,reputation,mother,<15min,<2h,No,False,True,False,True,True,True,True,False,Excellent,High,High,A lot,A lot,Normal,4,10.0,Failed
630,630,MS,F,Major,R,LE3,T,Higher,Higher,other,other,reputation,mother,15-30min,5-10h,No,False,False,False,False,True,True,True,False,Excellent,High,High,No,No,Bad,0,16.0,Failed
93,93,GP,F,Minor,U,GT3,T,Higher,Middle,teacher,services,home,mother,15-30min,2-5h,No,False,True,False,True,True,True,True,False,Excellent,Normal,Normal,No,No,Bad,2,13.0,Failed
480,480,MS,F,Major,U,GT3,T,Middle,Secondary,at_home,services,course,other,<15min,<2h,1-2,False,False,False,False,True,False,True,True,Excellent,High,High,No,No,Bad,0,9.0,Passed
644,644,MS,F,Major,R,GT3,T,Middle,Secondary,services,other,course,mother,<15min,5-10h,1-2,False,False,False,True,False,True,True,False,Excellent,High,Low,No,Moderately,Good,4,10.0,Failed
390,390,GP,F,Major,R,GT3,T,Middle,Middle,at_home,other,course,mother,15-30min,>10h,No,False,False,False,True,True,True,False,False,Excellent,High,High,No,No,Good,6,13.0,Failed
171,171,GP,M,Minor,R,GT3,T,Middle,Middle,at_home,other,course,mother,30min-1h,<2h,No,False,False,False,False,False,True,False,False,Excellent,Low,Low,No,Moderately,Normal,4,11.0,Failed
189,189,GP,M,Minor,U,LE3,T,Higher,Secondary,teacher,other,course,mother,15-30min,2-5h,No,False,False,False,True,True,True,True,False,Excellent,High,High,A lot,A lot,Good,0,10.0,Failed
389,389,GP,F,Major,U,LE3,T,Middle,Middle,other,other,home,other,<15min,2-5h,No,False,False,False,True,False,True,True,True,Excellent,Normal,Normal,No,No,Bad,0,10.0,Failed
384,384,GP,M,Major,R,GT3,T,Secondary,Middle,at_home,services,home,other,<15min,<2h,No,False,True,False,False,False,True,False,True,Excellent,Normal,High,Moderately,Moderately,Good,0,10.0,Failed
106,106,GP,F,Minor,U,GT3,T,Middle,Middle,other,other,course,mother,<15min,>10h,No,True,True,False,False,True,True,True,False,Excellent,Low,Low,No,No,Normal,4,10.0,Failed
520,520,MS,F,Minor,U,LE3,T,Primary,Primary,at_home,other,other,mother,30min-1h,2-5h,No,False,True,False,False,True,True,True,False,Excellent,Normal,Low,No,Moderately,Good,6,7.0,Passed
542,542,MS,F,Minor,U,GT3,T,Higher,Higher,teacher,services,course,mother,15-30min,5-10h,No,False,True,False,False,True,True,True,True,Excellent,Normal,High,No,A lot,Good,1,11.0,Failed
308,308,GP,F,Major,R,GT3,T,Higher,Higher,teacher,other,reputation,mother,15-30min,2-5h,No,False,False,False,True,True,True,True,False,Excellent,Normal,High,Moderately,Moderately,Good,8,11.0,Failed
335,335,GP,M,Major,U,LE3,A,Higher,Higher,teacher,teacher,reputation,mother,<15min,2-5h,No,False,True,False,True,True,True,True,False,Excellent,High,Normal,No,No,Bad,0,17.0,Failed
283,283,GP,M,Minor,U,GT3,T,Secondary,Secondary,at_home,other,reputation,other,30min-1h,2-5h,1-2,True,True,False,False,False,True,True,False,Excellent,Normal,Normal,No,Moderately,Bad,4,10.0,Failed
5,5,GP,M,Minor,U,LE3,T,Higher,Secondary,services,other,reputation,mother,<15min,2-5h,No,False,True,False,True,True,True,True,False,Excellent,High,Low,No,Moderately,Good,6,12.0,Failed
82,82,GP,F,Minor,U,LE3,T,Secondary,Middle,services,other,reputation,mother,<15min,2-5h,No,False,True,False,False,True,True,True,False,Excellent,High,High,No,No,Good,4,11.0,Failed
212,212,GP,F,Minor,U,GT3,T,Higher,Higher,services,teacher,home,mother,15-30min,<2h,1-2,False,True,False,False,True,True,True,False,Excellent,Low,High,Moderately,Moderately,Bad,30,15.0,Failed
235,235,GP,F,Minor,U,GT3,T,Primary,Primary,at_home,other,reputation,mother,<15min,5-10h,No,False,True,False,True,True,True,False,True,Excellent,Normal,High,No,No,Good,12,12.0,Failed
241,241,GP,M,Minor,U,LE3,T,Middle,Secondary,services,services,reputation,father,<15min,2-5h,No,False,True,False,False,False,True,True,False,Excellent,Normal,Normal,No,Moderately,Normal,0,10.0,Failed
624,624,MS,F,Minor,R,GT3,T,Primary,Primary,other,services,reputation,mother,30min-1h,<2h,1-2,False,True,False,False,True,True,True,True,Excellent,Low,Low,No,Moderately,Bad,0,8.0,Passed
452,452,MS,F,Minor,R,GT3,T,Middle,Middle,other,other,course,mother,30min-1h,2-5h,No,False,True,False,False,True,True,True,False,Excellent,High,High,No,No,Good,4,10.0,Failed
155,155,GP,M,Minor,U,GT3,T,Middle,Primary,other,other,home,mother,<15min,<2h,No,False,True,False,False,True,True,True,False,Excellent,High,High,No,Moderately,Good,22,7.0,Passed
113,113,GP,M,Minor,U,LE3,T,Higher,Middle,teacher,other,course,mother,<15min,<2h,No,False,False,False,False,True,True,True,False,Normal,High,Low,No,No,Normal,10,17.0,Failed
98,98,GP,F,Minor,U,GT3,T,Higher,Higher,other,other,reputation,mother,<15min,<2h,No,False,False,False,True,False,True,True,False,Excellent,Normal,High,No,Moderately,Bad,4,12.0,Failed
170,170,GP,F,Major,R,GT3,T,Primary,Primary,at_home,other,course,mother,30min-1h,<2h,>3,False,True,False,True,False,True,False,False,Excellent,Low,High,No,A lot,Good,6,10.0,Failed
422,422,GP,F,Major,U,GT3,T,Secondary,Middle,services,other,home,mother,<15min,2-5h,No,False,True,False,True,False,True,True,True,Normal,Low,Low,No,Moderately,Bad,4,12.0,Failed
333,333,GP,F,Minor,U,GT3,T,Primary,Primary,services,teacher,reputation,mother,<15min,5-10h,No,False,True,False,False,True,True,True,False,Excellent,Normal,Normal,No,No,Normal,0,13.0,Failed
430,430,MS,M,Minor,U,GT3,A,Primary,Middle,other,other,other,mother,<15min,5-10h,No,True,False,False,False,True,True,True,False,Excellent,High,Normal,No,No,Good,0,10.0,Failed
334,334,GP,M,Major,U,GT3,T,Middle,Primary,services,services,reputation,mother,<15min,5-10h,No,False,False,False,True,True,True,True,False,Excellent,Low,High,No,Moderately,Bad,0,14.0,Failed
193,193,GP,M,Minor,U,GT3,T,Higher,Secondary,other,other,course,mother,<15min,2-5h,No,False,True,True,True,True,True,True,True,Excellent,Low,Normal,No,No,Bad,4,11.0,Failed
589,589,MS,F,Minor,U,LE3,T,Primary,Middle,at_home,other,course,father,<15min,<2h,No,False,False,False,False,True,True,True,False,Excellent,High,Low,No,No,Normal,0,9.0,Passed
67,67,GP,F,Minor,U,GT3,T,Secondary,Primary,services,other,course,mother,<15min,>10h,No,True,True,False,False,True,True,True,False,Excellent,Normal,Normal,No,Moderately,Good,0,9.0,Passed
406,406,GP,F,Minor,U,GT3,T,Secondary,Primary,other,at_home,home,mother,<15min,<2h,1-2,False,True,True,False,True,True,True,True,Excellent,Low,Low,No,No,Normal,6,12.0,Failed
574,574,MS,M,Major,R,GT3,T,Primary,Primary,other,other,course,other,15-30min,<2h,1-2,False,True,False,False,True,False,True,True,Excellent,High,Normal,Moderately,A lot,Good,12,9.0,Passed
564,564,MS,M,Minor,R,GT3,T,Secondary,Middle,services,other,course,father,15-30min,<2h,No,False,False,False,False,True,True,True,False,Excellent,High,High,Moderately,Moderately,Good,2,10.0,Failed
600,600,MS,M,Minor,R,GT3,T,Primary,Primary,other,services,other,father,30min-1h,<2h,No,False,False,False,False,False,False,False,False,Excellent,Low,Normal,Moderately,A lot,Good,4,13.0,Failed
474,474,MS,M,Minor,R,LE3,T,Primary,Secondary,at_home,other,reputation,father,30min-1h,<2h,No,False,True,False,True,True,True,True,False,Excellent,Low,High,Moderately,A lot,Normal,2,10.0,Failed
566,566,MS,M,Major,R,GT3,T,Primary,Primary,services,other,course,other,15-30min,<2h,1-2,False,True,False,False,True,False,True,True,Excellent,Normal,Normal,Moderately,Moderately,Good,2,8.0,Passed
423,423,MS,F,Minor,U,GT3,T,Primary,Secondary,at_home,other,other,father,15-30min,<2h,No,False,True,False,False,True,False,True,True,Excellent,Normal,Normal,No,Moderately,Good,11,10.0,Failed
365,365,GP,F,Minor,U,GT3,A,Higher,Secondary,services,services,course,mother,<15min,2-5h,No,False,True,False,False,True,True,True,True,Excellent,Low,Low,No,Moderately,Good,14,15.0,Failed
318,318,GP,F,Major,R,GT3,A,Secondary,Middle,other,services,home,mother,15-30min,2-5h,No,False,False,False,False,False,False,True,True,Excellent,Low,Low,No,No,Good,15,10.0,Failed
356,356,GP,F,Minor,R,GT3,T,Higher,Higher,teacher,teacher,course,mother,<15min,<2h,No,False,False,False,True,True,True,True,False,Excellent,High,High,No,No,Good,2,16.0,Failed
507,507,MS,F,Minor,U,LE3,T,Primary,Primary,other,services,course,father,<15min,5-10h,No,False,True,False,False,True,True,False,True,Excellent,Normal,Normal,No,No,Normal,0,10.0,Failed
512,512,MS,F,Major,R,GT3,T,Primary,Primary,at_home,other,other,mother,<15min,2-5h,1-2,False,True,False,False,True,True,True,True,Excellent,Normal,Low,No,No,Good,9,7.0,Passed
197,197,GP,F,Minor,U,LE3,T,Secondary,Secondary,other,other,reputation,mother,<15min,2-5h,No,False,True,False,True,True,True,True,True,Excellent,Normal,Normal,Moderately,Moderately,Bad,32,13.0,Failed
53,53,GP,F,Minor,U,GT3,T,Higher,Higher,services,services,course,mother,<15min,<2h,No,True,True,False,False,True,True,True,False,Normal,Normal,High,Moderately,Moderately,Good,0,12.0,Failed
371,371,GP,F,Major,U,GT3,T,Middle,Middle,other,other,course,mother,<15min,<2h,No,False,True,False,True,True,True,True,True,Excellent,Normal,High,Moderately,A lot,Good,2,10.0,Failed
434,434,MS,F,Minor,U,LE3,A,Middle,Middle,at_home,other,reputation,mother,15-30min,>10h,No,False,False,False,True,False,False,False,True,Bad,Low,Low,No,No,Bad,4,10.0,Failed
184,184,GP,M,Minor,U,GT3,T,Secondary,Higher,other,other,course,father,30min-1h,<2h,1-2,False,True,False,True,False,True,True,False,Normal,High,High,Moderately,A lot,Bad,4,9.0,Passed
60,60,GP,F,Minor,R,GT3,T,Higher,Higher,health,teacher,other,mother,<15min,2-5h,No,False,True,False,True,True,True,False,False,Bad,High,High,Moderately,Moderately,Good,0,16.0,Failed
622,622,MS,M,Major,R,GT3,T,Primary,Secondary,at_home,other,course,mother,15-30min,2-5h,No,False,True,True,False,True,True,False,False,Normal,Normal,High,Moderately,A lot,Normal,0,9.0,Passed
472,472,MS,F,Minor,R,LE3,T,Middle,Middle,other,other,home,father,30min-1h,<2h,No,False,True,False,True,True,True,False,True,Excellent,Normal,Low,No,No,Good,0,14.0,Failed
482,482,MS,F,Minor,R,LE3,T,Primary,Primary,at_home,other,course,mother,15-30min,<2h,No,False,True,False,False,True,False,False,True,Excellent,Low,Low,No,Moderately,Good,0,9.0,Passed
598,598,MS,M,Major,U,LE3,T,Primary,Middle,at_home,services,home,mother,15-30min,<2h,No,False,True,False,False,False,True,False,False,Excellent,Low,High,A lot,A lot,Bad,8,10.0,Failed
147,147,GP,F,Minor,U,GT3,T,Higher,Higher,teacher,teacher,course,mother,15-30min,<2h,No,False,False,False,True,True,True,True,False,Excellent,Normal,Low,No,No,Good,6,13.0,Failed
129,129,GP,M,Minor,U,GT3,T,Middle,Secondary,other,other,course,mother,15-30min,5-10h,No,False,True,False,False,False,True,True,True,Normal,Low,Normal,Moderately,Moderately,Bad,4,12.0,Failed
359,359,GP,F,Minor,R,GT3,T,Secondary,Higher,at_home,services,course,father,<15min,5-10h,No,False,True,False,True,False,True,True,False,Excellent,Normal,High,Moderately,A lot,Good,2,15.0,Failed
541,541,MS,F,Minor,R,GT3,T,Middle,Middle,other,other,other,mother,15-30min,2-5h,No,True,False,True,False,True,True,False,False,Excellent,Low,Normal,No,No,Good,0,10.0,Failed
595,595,MS,M,Major,U,LE3,T,Higher,Higher,services,other,reputation,mother,<15min,<2h,No,False,True,False,True,True,True,True,False,Excellent,High,High,No,No,Good,3,17.0,Failed
393,393,GP,F,Major,U,LE3,T,Secondary,Secondary,services,services,home,mother,<15min,>10h,No,False,True,False,False,True,True,True,False,Excellent,Normal,Normal,No,No,Bad,4,14.0,Failed
116,116,GP,M,Minor,U,GT3,T,Higher,Higher,other,teacher,reputation,father,15-30min,2-5h,No,False,True,False,True,True,True,False,False,Excellent,High,Normal,No,No,Bad,4,15.0,Failed
46,46,GP,F,Minor,U,LE3,A,Secondary,Secondary,other,services,home,mother,<15min,2-5h,No,False,True,False,False,True,True,True,False,Bad,Normal,High,No,A lot,Normal,6,12.0,Failed
239,239,GP,F,Major,R,GT3,T,Secondary,Primary,other,other,reputation,mother,<15min,2-5h,No,False,False,False,True,True,True,True,True,Excellent,Normal,Normal,No,No,Good,4,8.0,Passed
645,645,MS,F,Major,U,LE3,T,Secondary,Primary,teacher,services,course,mother,<15min,2-5h,No,False,True,False,False,True,True,True,False,Excellent,Normal,High,No,No,Bad,4,15.0,Failed
623,623,MS,M,Major,U,LE3,T,Higher,Higher,teacher,services,other,mother,15-30min,5-10h,No,False,False,False,False,True,True,True,True,Excellent,Low,Low,Moderately,Moderately,Good,0,15.0,Failed
345,345,GP,F,Major,U,LE3,A,Higher,Higher,health,other,home,mother,<15min,2-5h,No,False,True,True,False,True,True,True,True,Excellent,Low,High,No,No,Good,0,14.0,Failed
242,242,GP,M,Major,U,LE3,T,Middle,Primary,at_home,other,course,mother,>1h,2-5h,No,True,True,False,True,True,True,True,True,Excellent,Normal,Low,A lot,A lot,Normal,2,10.0,Failed
314,314,GP,M,Minor,R,GT3,T,Primary,Middle,at_home,at_home,home,mother,<15min,2-5h,No,False,True,False,True,False,True,False,True,Normal,High,Low,Moderately,Moderately,Bad,2,17.0,Failed
151,151,GP,M,Minor,U,GT3,T,Higher,Higher,services,services,course,mother,<15min,5-10h,No,False,True,False,True,True,True,True,False,Excellent,Normal,Normal,No,Moderately,Good,0,13.0,Failed
229,229,GP,F,Minor,U,LE3,T,Secondary,Middle,other,other,reputation,mother,15-30min,2-5h,No,False,False,False,False,True,True,True,False,Excellent,High,High,No,Moderately,Bad,2,15.0,Failed
532,532,MS,M,Minor,U,GT3,T,Middle,Primary,health,services,other,mother,15-30min,2-5h,No,False,False,False,False,False,True,True,True,Excellent,Low,Low,No,A lot,Good,2,8.0,Passed
599,599,MS,M,Major,R,GT3,T,Higher,Higher,at_home,services,other,mother,30min-1h,<2h,No,False,True,True,True,True,True,True,True,Bad,High,High,No,No,Bad,5,13.0,Failed
150,150,GP,F,Minor,U,GT3,A,Secondary,Secondary,services,services,home,mother,<15min,2-5h,No,False,False,False,False,False,True,False,True,Bad,Normal,Low,Moderately,Moderately,Bad,24,8.0,Passed
127,127,GP,F,Major,U,GT3,T,None,Primary,at_home,other,course,other,<15min,2-5h,1-2,False,True,False,False,False,False,False,False,Normal,High,Low,No,No,Good,0,10.0,Failed
557,557,MS,F,Minor,R,GT3,T,Secondary,Primary,other,other,course,mother,15-30min,2-5h,>3,False,True,False,True,False,True,True,True,Excellent,High,High,No,No,Good,2,8.0,Passed
289,289,GP,F,Minor,U,LE3,T,Higher,Middle,teacher,services,reputation,mother,<15min,>10h,No,False,True,False,True,True,True,True,False,Excellent,Low,Normal,No,No,Good,2,15.0,Failed
431,431,MS,F,Minor,R,GT3,T,Secondary,Middle,at_home,other,course,father,<15min,2-5h,1-2,False,False,False,False,True,True,False,True,Excellent,High,High,No,Moderately,Good,0,10.0,Failed
237,237,GP,M,Major,U,GT3,T,Middle,Middle,other,other,home,mother,15-30min,2-5h,>3,False,True,True,False,True,True,True,False,Normal,Normal,Normal,A lot,A lot,Good,9,9.0,Passed
476,476,MS,F,Minor,R,LE3,T,Middle,Primary,other,other,home,mother,<15min,<2h,No,False,True,False,False,True,True,True,True,Excellent,High,Normal,No,No,Good,2,8.0,Passed
286,286,GP,M,Minor,R,GT3,T,Middle,Primary,other,other,course,mother,<15min,<2h,No,False,False,False,False,False,True,True,False,Excellent,High,Low,Moderately,A lot,Good,0,12.0,Failed
579,579,MS,M,Major,U,LE3,T,Primary,Secondary,at_home,services,course,mother,<15min,<2h,No,False,False,False,False,True,False,True,True,Excellent,Normal,Normal,Moderately,Moderately,Normal,0,9.0,Passed
319,319,GP,M,Major,U,GT3,T,Higher,Higher,teacher,services,home,mother,15-30min,<2h,No,False,False,False,True,True,True,True,False,Normal,Low,High,No,A lot,Normal,6,11.0,Failed
342,342,GP,F,Major,U,LE3,T,Higher,Secondary,other,other,home,other,15-30min,2-5h,No,False,True,False,False,True,True,True,True,Excellent,High,High,No,Moderately,Bad,0,13.0,Failed
73,73,GP,M,Minor,U,GT3,T,Secondary,Primary,other,other,reputation,mother,<15min,<2h,No,False,False,False,True,True,True,False,False,Excellent,Normal,Low,Moderately,Moderately,Good,0,13.0,Failed
181,181,GP,F,Minor,U,GT3,T,Higher,Middle,health,services,home,father,<15min,2-5h,No,False,False,False,False,True,True,True,True,Excellent,Low,Normal,No,No,Normal,0,17.0,Failed
146,146,GP,M,Minor,U,LE3,T,Primary,Primary,services,other,course,mother,<15min,2-5h,1-2,False,False,False,False,True,True,False,True,Excellent,High,High,No,Moderately,Good,0,10.0,Failed
467,467,MS,F,Minor,R,GT3,T,Middle,Middle,other,services,course,father,30min-1h,2-5h,No,False,True,False,True,True,True,True,False,Excellent,Normal,High,No,No,Bad,1,13.0,Failed
110,110,GP,M,Minor,U,LE3,A,Higher,Higher,teacher,teacher,course,mother,<15min,<2h,No,False,False,False,True,True,True,True,False,Excellent,High,Normal,No,No,Good,4,13.0,Failed
435,435,MS,F,Minor,R,LE3,T,Primary,Primary,at_home,services,reputation,father,15-30min,2-5h,No,False,True,False,False,True,True,True,False,Excellent,High,Normal,No,Moderately,Good,0,10.0,Failed
243,243,GP,F,Minor,U,GT3,A,Middle,Primary,other,other,course,mother,15-30min,5-10h,No,False,False,False,True,True,True,True,True,Normal,Low,Normal,No,Moderately,Normal,0,15.0,Failed
2,2,GP,F,Minor,U,LE3,T,Primary,Primary,at_home,other,other,mother,<15min,2-5h,No,True,False,False,False,True,True,True,False,Excellent,Normal,Low,Moderately,Moderately,Normal,6,12.0,Failed
75,75,GP,M,Minor,U,GT3,T,Higher,Secondary,teacher,other,home,mother,<15min,2-5h,No,False,True,False,True,True,True,True,False,Excellent,Normal,Normal,Moderately,Moderately,Good,0,11.0,Failed
125,125,GP,M,Minor,U,GT3,T,Secondary,Higher,services,services,home,father,<15min,<2h,No,True,False,False,False,True,True,True,False,Excellent,High,High,Moderately,Moderately,Good,2,9.0,Passed
473,473,MS,M,Minor,U,LE3,T,Middle,Primary,at_home,services,course,mother,15-30min,<2h,No,False,True,False,True,True,True,True,False,Bad,High,Normal,Moderately,Moderately,Good,4,9.0,Passed
603,603,MS,F,Major,R,LE3,A,Higher,Middle,teacher,other,reputation,mother,<15min,2-5h,No,False,False,False,True,True,True,True,True,Excellent,Normal,Low,No,No,Good,0,1.0,Passed
94,94,GP,M,Minor,U,LE3,T,Middle,Middle,services,health,reputation,mother,<15min,>10h,No,False,True,False,True,True,True,True,False,Excellent,Normal,High,No,No,Good,2,11.0,Failed
336,336,GP,M,Major,U,GT3,T,Higher,Middle,teacher,other,home,mother,<15min,2-5h,No,False,True,False,True,True,True,True,True,Excellent,Normal,Low,No,A lot,Good,2,15.0,Failed
503,503,MS,F,Minor,U,GT3,T,Primary,Primary,other,other,course,other,<15min,>10h,No,True,True,False,True,True,True,True,False,Bad,Low,Low,No,No,Good,0,14.0,Failed
71,71,GP,M,Minor,U,GT3,T,Higher,Middle,other,other,course,mother,<15min,>10h,No,False,False,False,False,True,True,True,False,Normal,Normal,Normal,No,No,Normal,0,10.0,Failed
337,337,GP,F,Minor,U,GT3,T,Higher,Secondary,health,services,reputation,mother,<15min,5-10h,No,False,True,False,False,True,True,True,False,Excellent,Low,Low,No,Moderately,Normal,0,17.0,Failed
525,525,MS,M,Minor,U,LE3,T,Higher,Higher,other,services,home,mother,<15min,5-10h,No,False,True,False,False,True,True,True,False,Excellent,High,Normal,No,Moderately,Good,0,15.0,Failed
66,66,GP,M,Minor,U,GT3,A,Higher,Higher,other,services,reputation,mother,<15min,>10h,No,False,True,False,True,False,True,True,True,Bad,Normal,Normal,A lot,A lot,Normal,0,11.0,Failed
451,451,MS,M,Minor,R,GT3,T,Primary,Middle,other,other,course,father,15-30min,2-5h,No,False,False,False,False,True,True,False,False,Excellent,Normal,Normal,No,No,Good,0,10.0,Failed
97,97,GP,F,Minor,U,GT3,T,Middle,Primary,other,other,course,mother,<15min,2-5h,No,False,True,False,False,True,True,False,True,Excellent,Normal,High,No,No,Good,0,12.0,Failed
372,372,GP,F,Minor,U,GT3,T,Middle,Middle,other,other,course,mother,<15min,2-5h,No,False,True,False,False,True,True,False,True,Excellent,Low,Low,No,No,Normal,4,13.0,Failed
344,344,GP,M,Major,U,LE3,T,Higher,Higher,teacher,teacher,home,mother,<15min,<2h,No,False,True,False,False,True,True,True,True,Bad,High,Low,Moderately,Moderately,Bad,0,17.0,Failed
284,284,GP,M,Major,U,GT3,T,Middle,Primary,services,services,other,mother,<15min,<2h,1-2,False,False,False,False,False,False,True,False,Normal,Low,High,Moderately,A lot,Good,4,7.0,Passed
511,511,MS,F,Minor,U,GT3,A,Primary,None,other,other,other,mother,15-30min,2-5h,No,False,False,False,False,True,True,True,True,Excellent,High,High,No,No,Good,1,10.0,Failed
138,138,GP,M,Minor,R,GT3,T,Secondary,Higher,at_home,teacher,course,mother,>1h,2-5h,No,False,True,False,False,True,True,False,True,Excellent,Normal,Normal,No,No,Good,2,11.0,Failed
180,180,GP,M,Minor,U,GT3,T,Middle,Middle,other,other,course,father,<15min,2-5h,No,False,False,False,False,True,False,True,False,Excellent,Normal,High,Moderately,A lot,Good,0,10.0,Failed
74,74,GP,F,Minor,U,GT3,T,Secondary,Secondary,other,services,home,mother,<15min,2-5h,No,True,True,False,True,True,True,True,False,Excellent,Normal,Normal,Moderately,A lot,Good,4,11.0,Failed
315,315,GP,F,Major,U,GT3,T,Middle,Primary,other,other,home,mother,<15min,2-5h,No,False,True,False,False,True,True,True,True,Excellent,Low,High,No,Moderately,Bad,8,14.0,Failed
538,538,MS,F,Minor,R,LE3,T,Middle,Middle,other,other,course,mother,<15min,5-10h,No,False,True,False,False,False,True,False,True,Excellent,Normal,Normal,Moderately,Moderately,Good,2,11.0,Failed
596,596,MS,F,Minor,U,GT3,T,Higher,Middle,other,other,course,mother,15-30min,2-5h,No,False,True,False,False,True,True,True,False,Excellent,Normal,Normal,No,Moderately,Good,0,17.0,Failed
561,561,MS,M,Major,U,LE3,T,Primary,Primary,at_home,at_home,course,mother,15-30min,2-5h,No,False,True,False,True,True,True,False,False,Excellent,Normal,Normal,No,A lot,Good,6,9.0,Passed
109,109,GP,F,Minor,U,LE3,T,Higher,Higher,health,health,other,mother,<15min,5-10h,No,False,True,False,True,True,True,True,True,Excellent,High,High,No,No,Good,2,14.0,Failed
18,18,GP,M,Minor,U,GT3,T,Secondary,Middle,services,services,course,mother,<15min,<2h,>3,False,True,True,True,True,True,True,False,Excellent,High,High,Moderately,A lot,Good,2,7.0,Passed
401,401,GP,M,Major,U,GT3,T,Higher,Secondary,teacher,other,course,mother,<15min,5-10h,No,False,True,False,False,True,True,True,True,Excellent,High,High,Moderately,Moderately,Good,0,13.0,Failed
618,618,MS,F,Major,R,LE3,A,Primary,Middle,at_home,other,course,mother,30min-1h,2-5h,No,False,False,False,False,True,True,False,True,Excellent,Normal,High,No,A lot,Good,0,15.0,Failed
547,547,MS,M,Minor,R,LE3,T,Higher,Primary,other,at_home,other,father,<15min,<2h,No,False,False,False,False,True,True,True,False,Excellent,Low,Low,Moderately,No,Bad,0,10.0,Failed
492,492,MS,F,Minor,R,GT3,A,Middle,Middle,health,other,course,mother,<15min,2-5h,No,False,False,False,False,False,True,False,True,Normal,Normal,Low,No,No,Normal,2,9.0,Passed
266,266,GP,F,Minor,U,LE3,A,Higher,Middle,teacher,other,course,mother,<15min,2-5h,No,False,True,False,True,True,True,False,False,Excellent,Normal,Low,No,No,Good,4,14.0,Failed
11,11,GP,F,Minor,U,GT3,T,Middle,Primary,services,other,reputation,father,30min-1h,5-10h,No,False,True,False,True,True,True,True,False,Excellent,Low,Low,No,No,Good,0,11.0,Failed
300,300,GP,F,Major,U,GT3,T,Higher,Secondary,services,other,home,father,<15min,2-5h,No,False,True,False,False,True,True,True,True,Normal,Low,Low,No,Moderately,Bad,2,15.0,Failed
307,307,GP,M,Minor,U,GT3,T,Secondary,Primary,services,other,other,mother,<15min,2-5h,No,False,False,False,True,True,True,True,True,Excellent,High,High,Moderately,A lot,Good,0,12.0,Failed
437,437,MS,F,Minor,R,GT3,T,None,Middle,other,other,other,mother,15-30min,<2h,No,False,True,False,True,True,True,False,False,Normal,Low,Normal,No,Moderately,Bad,0,11.0,Failed
407,407,GP,F,Major,U,LE3,T,Higher,Higher,other,other,reputation,other,<15min,5-10h,1-2,False,False,True,True,True,True,True,False,Normal,Normal,Low,No,No,Good,0,11.0,Failed
250,250,GP,M,Minor,U,LE3,T,Middle,Middle,other,other,home,father,<15min,2-5h,No,False,False,False,True,False,True,True,True,Excellent,High,Low,A lot,A lot,Good,0,16.0,Failed
64,64,GP,F,Minor,U,LE3,T,Higher,Secondary,services,services,reputation,father,<15min,2-5h,No,True,False,False,True,True,True,True,True,Excellent,High,High,Moderately,A lot,Bad,0,12.0,Failed
548,548,MS,F,Minor,U,GT3,A,Primary,Primary,at_home,at_home,other,mother,<15min,2-5h,No,False,False,False,True,True,True,True,True,Excellent,High,High,No,Moderately,Normal,2,10.0,Failed
16,16,GP,F,Minor,U,GT3,T,Higher,Higher,services,services,reputation,mother,<15min,5-10h,No,False,True,False,True,True,True,True,False,Normal,Low,Normal,No,Moderately,Bad,10,13.0,Failed
635,635,MS,F,Minor,R,GT3,T,Secondary,Primary,at_home,other,reputation,mother,<15min,2-5h,No,False,True,False,True,False,True,True,False,Excellent,High,High,Moderately,Moderately,Bad,10,8.0,Passed
34,34,GP,M,Minor,U,GT3,T,Secondary,Middle,other,other,home,mother,<15min,<2h,No,False,True,False,False,False,True,True,False,Excellent,High,Normal,No,No,Good,4,12.0,Failed
24,24,GP,F,Minor,R,GT3,T,Middle,Higher,services,health,course,mother,<15min,5-10h,No,True,True,False,True,True,True,True,False,Excellent,Normal,Low,No,No,Good,2,10.0,Failed
303,303,GP,F,Minor,U,GT3,T,Secondary,Secondary,other,other,home,mother,<15min,5-10h,No,False,False,False,True,False,True,False,False,Normal,Low,Normal,No,No,Good,2,13.0,Failed
244,244,GP,F,Minor,U,LE3,T,Higher,Secondary,health,other,reputation,father,<15min,2-5h,No,False,False,False,True,True,True,True,True,Normal,Low,Normal,No,Moderately,Normal,0,12.0,Failed
160,160,GP,F,Minor,U,GT3,T,Primary,Middle,at_home,services,course,father,<15min,2-5h,No,False,False,False,False,False,True,False,True,Bad,Normal,High,Moderately,A lot,Bad,6,11.0,Failed
124,124,GP,F,Minor,U,GT3,T,Middle,Middle,other,other,home,mother,<15min,2-5h,No,False,False,False,False,True,True,True,True,Excellent,High,High,No,No,Good,0,11.0,Failed
163,163,GP,M,Major,U,LE3,T,Primary,Primary,other,other,course,mother,<15min,<2h,1-2,False,False,False,False,True,False,True,True,Bad,Normal,High,Moderately,A lot,Good,0,6.0,Passed
95,95,GP,F,Minor,R,GT3,T,Primary,Primary,at_home,other,home,mother,15-30min,>10h,No,True,True,True,True,True,True,True,False,Normal,Low,Low,No,No,Bad,4,13.0,Failed
152,152,GP,M,Minor,U,LE3,T,Middle,Middle,services,services,reputation,father,15-30min,<2h,No,False,True,False,True,True,True,True,False,Bad,Normal,Normal,Moderately,Moderately,Bad,4,11.0,Failed
143,143,GP,F,Major,U,GT3,A,Secondary,Middle,other,services,course,other,<15min,5-10h,No,False,True,False,True,False,True,True,True,Excellent,Normal,Normal,A lot,No,Good,10,11.0,Failed
8,8,GP,M,Minor,U,LE3,A,Secondary,Middle,services,other,home,mother,<15min,2-5h,No,False,True,False,False,True,True,True,False,Excellent,Low,Low,No,No,Bad,0,16.0,Failed
398,398,GP,F,Major,U,GT3,T,Middle,Secondary,at_home,other,course,mother,<15min,5-10h,No,False,True,False,False,True,True,True,False,Excellent,Normal,Normal,No,Moderately,Normal,0,12.0,Failed
479,479,MS,F,Minor,U,GT3,T,Middle,Middle,other,at_home,course,mother,<15min,<2h,No,False,True,False,True,True,False,False,False,Excellent,High,Normal,No,No,Good,4,9.0,Passed
632,632,MS,F,Major,R,GT3,T,Primary,Primary,at_home,other,course,other,15-30min,2-5h,1-2,False,True,False,False,True,True,True,True,Excellent,Normal,Normal,No,No,Normal,4,8.0,Passed
325,325,GP,M,Minor,U,LE3,A,Higher,Primary,services,other,home,mother,15-30min,<2h,No,False,False,False,True,True,True,True,True,Excellent,High,High,Moderately,A lot,Good,22,10.0,Failed
200,200,GP,M,Minor,U,GT3,T,Primary,Middle,services,services,other,mother,<15min,<2h,No,False,True,False,True,True,True,True,True,Normal,Normal,Normal,No,Moderately,Normal,0,10.0,Failed
9,9,GP,M,Minor,U,GT3,T,Secondary,Higher,other,other,home,mother,<15min,2-5h,No,False,True,False,True,True,True,True,False,Excellent,High,Low,No,No,Good,0,12.0,Failed
226,226,GP,F,Minor,U,GT3,A,Middle,Middle,other,other,reputation,mother,<15min,2-5h,No,True,True,False,False,True,True,True,False,Normal,Normal,High,No,No,Good,0,13.0,Failed
470,470,MS,F,Minor,R,GT3,T,Secondary,Secondary,services,other,reputation,mother,<15min,2-5h,No,False,True,False,False,True,True,True,True,Excellent,High,High,No,No,Bad,4,12.0,Failed
619,619,MS,F,Major,U,GT3,T,Secondary,Secondary,services,services,other,mother,15-30min,2-5h,No,False,True,False,False,True,True,True,True,Excellent,Normal,Low,No,Moderately,Normal,6,12.0,Failed
3,3,GP,F,Minor,U,GT3,T,Higher,Middle,health,services,home,mother,<15min,5-10h,No,False,True,False,True,True,True,True,True,Normal,Low,Low,No,No,Good,0,14.0,Failed
343,343,GP,F,Major,U,GT3,T,Higher,Secondary,other,other,reputation,father,<15min,>10h,No,False,True,False,False,True,True,True,False,Excellent,Normal,Normal,No,No,Normal,0,16.0,Failed
460,460,MS,F,Minor,R,GT3,T,Primary,Primary,at_home,other,home,father,15-30min,2-5h,No,False,True,False,True,True,True,True,False,Excellent,Normal,Normal,No,No,Bad,1,10.0,Failed
222,222,GP,F,Minor,U,GT3,T,Primary,Primary,at_home,other,home,mother,15-30min,<2h,No,False,True,False,False,True,True,False,False,Excellent,Normal,Low,No,A lot,Good,2,12.0,Failed
23,23,GP,M,Minor,U,LE3,T,Middle,Middle,other,other,reputation,mother,15-30min,2-5h,No,False,True,False,True,True,True,True,False,Excellent,High,High,Moderately,A lot,Good,2,10.0,Failed
132,132,GP,F,Minor,U,LE3,A,Middle,Primary,other,other,course,mother,30min-1h,<2h,No,False,True,False,False,True,True,True,False,Normal,Low,Low,No,Moderately,Good,8,10.0,Failed
257,257,GP,M,Minor,U,GT3,T,Higher,Higher,teacher,teacher,course,mother,<15min,<2h,No,False,True,False,True,False,True,True,False,Excellent,Low,Low,No,Moderately,Good,6,9.0,Passed
141,141,GP,F,Minor,R,GT3,T,Primary,Primary,at_home,other,course,mother,>1h,2-5h,No,False,True,False,False,True,True,False,False,Excellent,Low,Normal,No,No,Normal,0,13.0,Failed
288,288,GP,F,Major,U,LE3,A,Middle,Primary,other,other,course,mother,<15min,2-5h,No,False,True,False,False,False,True,True,True,Excellent,Normal,High,No,Moderately,Good,2,12.0,Failed
568,568,MS,M,Major,U,GT3,T,Secondary,Middle,at_home,services,course,mother,15-30min,<2h,>3,False,False,False,True,True,True,False,False,Normal,Low,Low,No,No,Normal,4,8.0,Passed
448,448,MS,F,Minor,R,GT3,T,Higher,Higher,teacher,teacher,course,mother,15-30min,5-10h,No,False,False,False,True,True,True,True,True,Excellent,Low,Low,No,No,Good,6,16.0,Failed
444,444,MS,M,Minor,R,GT3,T,Secondary,Higher,other,health,other,mother,30min-1h,2-5h,No,False,False,False,False,False,True,False,False,Normal,High,High,No,Moderately,Good,4,10.0,Failed
515,515,MS,F,Major,U,LE3,T,Primary,Primary,other,at_home,reputation,mother,15-30min,2-5h,No,True,False,False,False,True,True,False,False,Bad,Normal,High,No,A lot,Normal,8,9.0,Passed
539,539,MS,F,Minor,U,LE3,T,Higher,Primary,other,other,home,mother,15-30min,2-5h,No,False,True,False,True,True,True,True,False,Bad,Low,High,Moderately,Moderately,Bad,8,9.0,Passed
571,571,MS,M,Major,U,GT3,T,Middle,Primary,at_home,other,course,other,15-30min,<2h,>3,False,False,False,True,False,False,True,True,Excellent,High,Normal,No,Moderately,Good,4,8.0,Passed
381,381,GP,F,Minor,U,GT3,T,Higher,Higher,teacher,teacher,course,mother,15-30min,5-10h,No,False,True,False,False,False,True,True,True,Excellent,Normal,Normal,No,Moderately,Good,4,14.0,Failed
277,277,GP,F,Minor,U,GT3,T,Primary,Primary,other,services,course,father,<15min,2-5h,No,False,True,False,False,True,True,False,False,Excellent,Normal,High,No,Moderately,Good,4,10.0,Failed
295,295,GP,M,Major,U,LE3,A,Higher,Secondary,services,at_home,reputation,mother,<15min,2-5h,No,False,True,False,False,True,True,True,False,Excellent,Normal,Low,No,No,Bad,4,12.0,Failed
204,204,GP,F,Minor,U,GT3,T,Middle,Secondary,services,services,course,mother,<15min,2-5h,No,False,False,False,False,True,True,True,False,Excellent,Normal,Normal,No,No,Bad,6,12.0,Failed
447,447,MS,M,Minor,R,GT3,T,Middle,Primary,other,other,other,mother,30min-1h,<2h,No,False,False,False,True,True,False,False,True,Excellent,High,High,A lot,A lot,Normal,8,9.0,Passed
614,614,MS,F,Minor,R,GT3,T,Higher,Higher,teacher,services,other,father,15-30min,2-5h,No,False,True,True,True,True,True,True,False,Excellent,Normal,Normal,No,Moderately,Good,2,12.0,Failed
90,90,GP,F,Minor,U,GT3,T,Secondary,Secondary,other,other,home,mother,<15min,5-10h,No,False,True,False,False,True,True,True,True,Excellent,Normal,Normal,No,Moderately,Good,2,10.0,Failed
395,395,GP,M,Major,U,GT3,T,Higher,Higher,teacher,services,home,father,<15min,2-5h,No,False,True,False,True,True,True,True,False,Excellent,Normal,Normal,Moderately,Moderately,Bad,0,12.0,Failed
173,173,GP,M,Minor,U,LE3,T,Primary,Middle,health,services,course,mother,15-30min,<2h,1-2,False,False,False,False,False,True,True,False,Excellent,High,High,Moderately,A lot,Good,0,9.0,Passed
87,87,GP,F,Minor,U,GT3,T,Higher,Middle,other,other,reputation,mother,<15min,5-10h,No,False,True,False,True,True,True,True,False,Excellent,Normal,Normal,No,Moderately,Bad,4,15.0,Failed
233,233,GP,F,Minor,U,GT3,T,Middle,Middle,at_home,at_home,course,mother,<15min,5-10h,No,False,True,False,True,True,True,True,False,Excellent,Normal,Normal,No,No,Good,0,12.0,Failed
400,400,GP,M,Major,R,GT3,T,Higher,Secondary,teacher,services,course,mother,<15min,5-10h,No,False,False,False,False,True,True,True,True,Excellent,Normal,Low,No,Moderately,Good,4,15.0,Failed
57,57,GP,M,Minor,U,GT3,T,Higher,Higher,teacher,health,reputation,mother,<15min,2-5h,No,False,True,False,True,True,True,False,False,Normal,Low,Low,No,No,Good,8,15.0,Failed
402,402,GP,F,Minor,U,GT3,T,Higher,Secondary,health,other,reputation,mother,<15min,5-10h,No,False,True,False,True,True,True,True,True,Excellent,High,Normal,No,Moderately,Good,0,12.0,Failed
37,37,GP,M,Minor,R,GT3,A,Higher,Higher,other,teacher,reputation,mother,15-30min,5-10h,No,False,True,False,True,True,True,True,True,Bad,High,Normal,No,No,Good,4,13.0,Failed
168,168,GP,M,Minor,R,GT3,T,Middle,Secondary,at_home,services,course,mother,<15min,2-5h,No,True,False,True,True,True,True,False,False,Excellent,High,High,No,No,Bad,0,7.0,Passed
370,370,GP,F,Major,U,LE3,A,Primary,Primary,other,other,course,other,30min-1h,2-5h,1-2,False,True,False,False,False,True,True,True,Excellent,Normal,High,No,No,Good,2,8.0,Passed
278,278,GP,M,Minor,U,GT3,T,Middle,Secondary,other,other,course,father,15-30min,<2h,No,False,False,False,False,True,True,True,False,Excellent,Low,Low,No,No,Bad,2,11.0,Failed
329,329,GP,F,Minor,U,GT3,T,Middle,Middle,other,other,course,mother,<15min,2-5h,No,False,True,False,False,False,True,True,False,Excellent,High,High,No,Moderately,Good,12,12.0,Failed
199,199,GP,M,Minor,U,GT3,T,Secondary,Secondary,services,services,other,mother,<15min,2-5h,No,False,True,False,True,True,True,True,True,Excellent,Normal,High,Moderately,Moderately,Good,6,12.0,Failed
182,182,GP,F,Minor,U,GT3,T,Middle,Middle,other,other,home,mother,<15min,2-5h,No,False,True,False,False,False,True,True,False,Excellent,Low,High,No,No,Good,0,12.0,Failed
424,424,MS,F,Minor,R,GT3,T,Middle,Middle,other,other,course,mother,15-30min,2-5h,No,False,True,False,True,True,True,True,False,Excellent,High,High,No,No,Good,0,12.0,Failed
637,637,MS,M,Major,R,GT3,T,Middle,Primary,other,other,other,mother,15-30min,<2h,No,False,False,False,True,False,True,True,True,Excellent,High,Normal,No,Moderately,Good,0,4.0,Passed
516,516,MS,F,Minor,R,GT3,T,Higher,Higher,health,teacher,reputation,father,<15min,2-5h,No,False,False,False,True,False,True,True,True,Excellent,Normal,Normal,Moderately,Moderately,Bad,0,15.0,Failed
221,221,GP,F,Minor,U,GT3,T,Higher,Secondary,teacher,other,other,mother,<15min,2-5h,No,False,False,False,True,True,True,True,True,Bad,Normal,Low,No,No,Bad,4,14.0,Failed
70,70,GP,M,Minor,U,GT3,T,Secondary,Primary,other,other,reputation,father,15-30min,>10h,No,False,True,False,False,True,True,True,False,Excellent,Normal,Low,No,No,Good,2,11.0,Failed
392,392,GP,F,Minor,U,GT3,T,Secondary,Middle,other,other,home,mother,<15min,2-5h,No,False,True,False,False,True,True,True,True,Excellent,Normal,Low,Moderately,Moderately,Bad,0,13.0,Failed
378,378,GP,M,Minor,U,GT3,T,Secondary,Secondary,other,services,reputation,mother,<15min,<2h,No,False,False,False,True,False,True,True,False,Excellent,Normal,High,Moderately,A lot,Good,0,17.0,Failed
403,403,GP,F,Minor,U,GT3,T,Middle,Primary,services,other,course,mother,15-30min,2-5h,No,False,True,False,True,True,True,True,True,Excellent,Normal,High,Moderately,Moderately,Bad,10,14.0,Failed
521,521,MS,F,Minor,R,GT3,T,Middle,Secondary,at_home,services,other,mother,15-30min,2-5h,No,False,True,False,True,True,True,True,False,Normal,Normal,Normal,No,No,Bad,0,9.0,Passed
292,292,GP,F,Minor,R,GT3,T,Higher,Middle,other,other,course,mother,<15min,5-10h,No,False,True,False,True,True,True,True,False,Excellent,Normal,High,No,Moderately,Good,2,12.0,Failed
22,22,GP,M,Minor,U,LE3,T,Higher,Middle,teacher,other,course,mother,<15min,2-5h,No,False,False,False,True,True,True,True,False,Excellent,High,Low,No,Moderately,Good,0,13.0,Failed
238,238,GP,F,Minor,U,GT3,T,Higher,Higher,teacher,services,home,mother,<15min,5-10h,No,False,True,False,True,False,True,True,False,Excellent,Normal,Low,No,No,Good,4,15.0,Failed
17,17,GP,F,Minor,U,GT3,T,Secondary,Secondary,other,other,reputation,mother,30min-1h,2-5h,No,True,True,False,True,True,True,False,False,Excellent,Normal,Low,No,No,Good,2,13.0,Failed
396,396,GP,M,Major,U,LE3,T,Secondary,Higher,services,other,home,mother,<15min,2-5h,No,False,False,False,True,True,True,True,True,Excellent,Normal,Normal,No,Moderately,Good,6,16.0,Failed
216,216,GP,F,Minor,U,GT3,T,Primary,Primary,other,other,course,mother,<15min,2-5h,No,False,True,False,False,False,True,False,False,Excellent,High,High,No,Moderately,Bad,0,14.0,Failed
312,312,GP,F,Major,U,GT3,T,Middle,Secondary,other,services,reputation,father,<15min,>10h,No,False,True,False,True,True,True,True,True,Excellent,High,High,No,Moderately,Bad,10,16.0,Failed
136,136,GP,M,Minor,U,GT3,T,Middle,Primary,at_home,other,course,mother,>1h,<2h,No,False,False,False,False,True,True,False,False,Normal,Low,Low,No,No,Bad,4,9.0,Passed
412,412,GP,F,Major,U,LE3,T,Higher,Middle,teacher,other,course,mother,<15min,2-5h,No,False,True,False,True,True,True,True,False,Excellent,Low,Low,No,No,Normal,0,16.0,Failed
339,339,GP,M,Major,R,LE3,T,Secondary,Middle,services,other,reputation,mother,15-30min,5-10h,No,False,True,False,True,True,True,True,False,Excellent,High,Low,No,No,Good,0,14.0,Failed
118,118,GP,M,Minor,R,GT3,T,Primary,Secondary,other,other,course,father,30min-1h,2-5h,1-2,False,True,False,True,True,True,True,False,Excellent,Low,High,No,A lot,Good,14,11.0,Failed
178,178,GP,M,Minor,R,LE3,T,Primary,Primary,other,services,course,mother,>1h,2-5h,No,False,False,False,True,True,False,False,True,Excellent,Normal,High,No,A lot,Good,0,8.0,Passed
112,112,GP,F,Minor,U,GT3,T,Middle,Middle,at_home,other,home,mother,<15min,2-5h,1-2,True,False,False,True,True,True,True,False,Normal,Low,Low,No,No,Good,12,9.0,Passed
298,298,GP,F,Minor,U,LE3,T,Middle,Middle,services,services,course,father,<15min,>10h,No,False,False,False,True,True,True,True,True,Normal,High,Low,No,No,Bad,2,11.0,Failed
419,419,GP,M,Major,U,GT3,T,Middle,Primary,other,other,reputation,mother,<15min,<2h,No,False,False,False,False,True,True,True,False,Excellent,Normal,High,No,A lot,Good,10,9.0,Passed
583,583,MS,F,Major,R,GT3,T,Middle,Middle,other,other,other,mother,15-30min,<2h,1-2,False,False,False,False,True,False,True,True,Excellent,High,High,No,No,Normal,0,4.0,Passed
306,306,GP,M,Major,R,LE3,A,Secondary,Higher,other,other,reputation,mother,15-30min,2-5h,No,False,True,False,True,True,True,True,False,Excellent,Low,High,Moderately,A lot,Bad,6,15.0,Failed
554,554,MS,F,Minor,R,GT3,T,Primary,Primary,at_home,at_home,course,father,15-30min,<2h,No,False,True,False,True,True,False,True,True,Normal,High,High,Moderately,Moderately,Good,3,10.0,Failed
162,162,GP,M,Minor,U,LE3,A,Middle,Primary,services,other,course,mother,>1h,<2h,No,False,False,False,False,True,True,True,False,Excellent,High,High,Moderately,A lot,Good,0,11.0,Failed
593,593,MS,F,Major,U,LE3,A,Primary,Middle,at_home,other,reputation,mother,15-30min,2-5h,No,False,False,False,False,True,True,True,False,Excellent,High,Normal,No,Moderately,Good,0,13.0,Failed
446,446,MS,M,Minor,U,LE3,T,Secondary,Secondary,at_home,at_home,reputation,father,<15min,2-5h,No,False,True,False,True,True,True,True,False,Excellent,Normal,Normal,No,No,Good,0,11.0,Failed
526,526,MS,F,Minor,R,GT3,T,Higher,Primary,other,other,other,mother,<15min,<2h,No,False,False,False,False,True,True,True,True,Excellent,Low,Normal,No,Moderately,Good,1,13.0,Failed
490,490,MS,F,Major,R,GT3,T,Primary,Primary,at_home,at_home,course,mother,15-30min,<2h,1-2,False,False,False,False,False,False,True,True,Normal,Low,Normal,No,No,Bad,4,10.0,Failed
414,414,GP,F,Major,R,GT3,T,Primary,Primary,other,other,reputation,other,15-30min,5-10h,No,False,False,False,False,True,True,True,True,Normal,Low,Low,No,Moderately,Normal,8,13.0,Failed
594,594,MS,F,Major,U,GT3,T,Higher,Higher,teacher,teacher,reputation,mother,15-30min,2-5h,No,False,False,False,True,False,True,True,False,Excellent,Normal,High,No,Moderately,Bad,0,18.0,Failed
119,119,GP,M,Minor,U,GT3,T,Secondary,Higher,other,other,reputation,father,<15min,<2h,No,False,False,False,False,True,True,True,False,Normal,High,Normal,No,Moderately,Good,2,13.0,Failed
501,501,MS,M,Minor,U,LE3,T,Higher,Secondary,other,other,course,father,<15min,<2h,No,False,False,False,True,True,True,True,False,Excellent,Low,High,No,A lot,Good,8,13.0,Failed
545,545,MS,M,Minor,U,GT3,T,Secondary,Higher,services,other,other,mother,<15min,2-5h,1-2,False,True,False,True,False,True,True,True,Excellent,High,High,Moderately,A lot,Good,8,8.0,Passed
26,26,GP,M,Minor,U,GT3,T,Middle,Middle,other,other,home,mother,<15min,<2h,No,False,True,False,False,True,True,True,False,Excellent,Low,Low,No,Moderately,Good,8,11.0,Failed
391,391,GP,F,Minor,U,GT3,T,Secondary,Higher,services,other,course,mother,<15min,5-10h,No,False,False,False,False,True,True,True,False,Excellent,High,High,No,Moderately,Good,8,12.0,Failed
570,570,MS,M,Minor,R,GT3,T,Middle,Middle,services,services,course,mother,15-30min,<2h,No,False,True,False,True,True,True,True,True,Excellent,High,Normal,Moderately,A lot,Good,6,7.0,Passed
615,615,MS,F,Minor,U,LE3,A,Secondary,Middle,services,other,reputation,mother,15-30min,2-5h,No,False,False,False,False,True,True,False,True,Bad,Low,Normal,No,Moderately,Good,0,14.0,Failed
268,268,GP,M,Minor,R,LE3,A,Higher,Higher,teacher,other,course,mother,15-30min,2-5h,No,False,True,False,False,True,True,True,False,Normal,Normal,Normal,Moderately,Moderately,Good,0,12.0,Failed
27,27,GP,M,Minor,U,GT3,T,Higher,Middle,health,services,other,mother,<15min,<2h,No,False,False,False,False,True,True,True,False,Bad,Low,High,Moderately,A lot,Bad,0,11.0,Failed
551,551,MS,M,Minor,U,GT3,T,Secondary,Middle,other,other,other,father,15-30min,2-5h,No,False,True,True,False,True,True,True,False,Excellent,Low,Low,Moderately,Moderately,Bad,0,13.0,Failed
101,101,GP,M,Minor,U,GT3,T,Higher,Higher,services,teacher,other,father,<15min,5-10h,No,False,True,False,True,True,True,True,True,Excellent,High,Normal,No,No,Good,0,16.0,Failed
161,161,GP,M,Minor,U,GT3,T,Higher,Higher,teacher,teacher,course,mother,<15min,<2h,No,False,True,False,False,True,False,True,True,Normal,Normal,Low,Moderately,No,Good,16,8.0,Passed
77,77,GP,F,Minor,U,GT3,T,Middle,Middle,other,other,reputation,mother,<15min,>10h,No,False,False,False,False,True,True,True,True,Excellent,Low,Normal,No,Moderately,Normal,1,13.0,Failed
251,251,GP,F,Minor,U,GT3,T,Middle,Primary,other,other,home,mother,<15min,<2h,No,False,False,False,False,True,True,True,True,Excellent,High,Low,No,No,Good,4,9.0,Passed
15,15,GP,F,Minor,U,GT3,T,Higher,Higher,health,other,home,mother,<15min,<2h,No,False,True,False,False,True,True,True,False,Excellent,High,High,No,Moderately,Bad,6,17.0,Failed
149,149,GP,M,Minor,U,GT3,T,Higher,Secondary,teacher,services,course,father,15-30min,>10h,No,True,True,False,False,True,True,True,False,Bad,Low,Low,No,No,Normal,6,10.0,Failed
81,81,GP,M,Minor,U,GT3,T,Middle,Secondary,other,other,home,mother,<15min,5-10h,No,True,False,False,False,False,True,True,False,Excellent,Normal,Low,No,Moderately,Good,2,9.0,Passed
461,461,MS,F,Minor,R,GT3,T,Primary,Primary,at_home,other,other,mother,15-30min,<2h,No,False,False,False,True,True,True,True,True,Excellent,Low,Low,A lot,Moderately,Bad,0,13.0,Failed
177,177,GP,M,Minor,U,GT3,T,Primary,Secondary,at_home,services,course,father,<15min,<2h,1-2,False,False,False,False,True,False,True,False,Excellent,Normal,Normal,No,A lot,Bad,2,8.0,Passed
647,647,MS,M,Minor,U,LE3,T,Secondary,Primary,services,services,course,mother,15-30min,<2h,No,False,False,False,False,False,True,True,False,Bad,High,High,Moderately,A lot,Bad,6,10.0,Failed
367,367,GP,F,Minor,U,LE3,T,Middle,Primary,other,other,home,father,<15min,2-5h,No,False,False,False,True,True,True,True,False,Excellent,Low,Normal,Moderately,Moderately,Bad,2,12.0,Failed
51,51,GP,F,Minor,U,LE3,T,Higher,Middle,health,other,other,mother,<15min,2-5h,No,False,True,False,False,True,True,True,False,Excellent,Normal,Normal,No,No,Good,0,15.0,Failed
301,301,GP,M,Major,U,GT3,T,Higher,Secondary,teacher,other,course,mother,<15min,2-5h,No,False,True,False,False,False,True,True,False,Excellent,Normal,Low,No,No,Normal,2,10.0,Failed
13,13,GP,M,Minor,U,GT3,T,Higher,Secondary,teacher,other,course,mother,15-30min,2-5h,No,False,True,False,False,True,True,True,False,Excellent,High,Normal,No,Moderately,Normal,0,12.0,Failed
48,48,GP,M,Minor,U,GT3,T,Higher,Middle,teacher,other,home,mother,<15min,2-5h,No,False,True,False,False,True,True,False,False,Excellent,Normal,Normal,Moderately,Moderately,Good,4,12.0,Failed
272,272,GP,M,Minor,R,GT3,T,Primary,Primary,other,other,home,father,15-30min,5-10h,No,False,False,False,False,False,True,True,True,Excellent,Normal,Normal,No,No,Bad,2,14.0,Failed
183,183,GP,F,Minor,U,GT3,T,Higher,Higher,health,health,reputation,mother,<15min,2-5h,No,False,True,False,False,True,True,True,True,Excellent,High,Low,No,No,Normal,0,16.0,Failed
246,246,GP,M,Minor,U,GT3,T,Higher,Higher,teacher,teacher,reputation,mother,<15min,2-5h,No,True,True,False,True,True,True,True,True,Excellent,High,High,No,Moderately,Bad,0,13.0,Failed
418,418,GP,M,Major,R,GT3,T,Middle,Secondary,other,services,reputation,father,<15min,<2h,No,False,False,False,False,True,True,True,False,Normal,Low,Normal,A lot,A lot,Good,13,13.0,Failed
546,546,MS,F,Minor,U,GT3,T,Higher,Higher,health,health,course,father,<15min,2-5h,No,False,True,False,False,True,True,True,False,Excellent,Low,High,No,No,Good,0,14.0,Failed
261,261,GP,F,Minor,R,GT3,T,Middle,Primary,at_home,services,course,mother,30min-1h,2-5h,No,False,False,False,True,True,True,False,False,Bad,Low,Low,No,No,Normal,2,13.0,Failed
58,58,GP,M,Minor,U,LE3,T,Primary,Middle,other,at_home,home,father,<15min,2-5h,No,True,True,False,True,True,True,True,False,Excellent,Normal,Low,No,No,Good,0,13.0,Failed
40,40,GP,F,Minor,U,LE3,T,Middle,Middle,other,other,home,mother,15-30min,2-5h,No,False,True,False,True,False,True,True,True,Normal,Normal,Normal,No,Moderately,Normal,16,10.0,Failed
126,126,GP,F,Minor,U,LE3,A,Secondary,Higher,other,other,home,mother,<15min,2-5h,No,True,False,False,True,True,True,True,True,Excellent,Normal,Low,No,No,Bad,0,10.0,Failed
29,29,GP,M,Minor,U,GT3,T,Higher,Higher,teacher,teacher,home,mother,<15min,2-5h,No,False,True,True,True,True,True,True,True,Excellent,High,High,A lot,A lot,Good,4,11.0,Failed
536,536,MS,M,Minor,U,LE3,A,Middle,Middle,other,other,reputation,mother,30min-1h,>10h,No,False,True,False,True,True,True,False,False,Excellent,High,High,Moderately,Moderately,Good,8,13.0,Failed
634,634,MS,F,Major,U,GT3,T,Secondary,Secondary,other,other,home,mother,<15min,2-5h,No,False,False,False,False,True,True,True,True,Excellent,Low,Normal,No,Moderately,Bad,1,16.0,Failed
41,41,GP,M,Minor,U,LE3,T,Higher,Higher,teacher,other,home,other,<15min,<2h,No,False,True,False,False,False,True,True,True,Excellent,High,Normal,Moderately,A lot,Good,8,10.0,Failed
519,519,MS,M,Minor,R,GT3,T,Middle,Primary,other,services,reputation,mother,15-30min,2-5h,No,False,False,False,True,True,True,True,False,Excellent,Low,Low,No,No,Bad,0,5.0,Passed
252,252,GP,F,Minor,U,GT3,A,Higher,Primary,other,other,home,mother,<15min,2-5h,No,False,False,False,True,True,True,True,True,Excellent,Normal,Normal,No,Moderately,Good,0,13.0,Failed
353,353,GP,F,Major,U,GT3,T,Primary,Higher,other,teacher,home,mother,<15min,2-5h,No,True,True,False,False,False,True,False,True,Normal,High,High,No,Moderately,Good,2,10.0,Failed
142,142,GP,M,Major,U,LE3,T,Secondary,Primary,services,services,course,mother,15-30min,<2h,No,False,False,False,True,True,True,True,True,Normal,Normal,High,A lot,A lot,Good,2,11.0,Failed
341,341,GP,F,Major,U,GT3,T,Higher,Higher,health,other,reputation,other,15-30min,2-5h,No,False,True,False,True,True,True,True,False,Bad,Normal,High,Moderately,Moderately,Bad,2,13.0,Failed
440,440,MS,M,Minor,U,GT3,T,Primary,Primary,at_home,services,home,mother,15-30min,2-5h,No,False,True,False,True,True,True,False,True,Excellent,High,High,A lot,A lot,Normal,0,2.0,Passed
61,61,GP,F,Minor,U,GT3,T,Primary,Primary,services,services,course,father,>1h,<2h,No,True,True,False,True,False,True,True,True,Excellent,High,High,A lot,A lot,Good,0,12.0,Failed
291,291,GP,M,Major,U,LE3,T,Middle,Primary,services,other,course,mother,30min-1h,2-5h,1-2,False,False,False,True,False,False,True,False,Excellent,High,High,A lot,A lot,Good,4,10.0,Failed
196,196,GP,F,Minor,U,GT3,T,Middle,Higher,services,services,reputation,father,<15min,2-5h,No,False,True,False,True,True,True,False,False,Excellent,High,Low,Moderately,Moderately,Good,0,17.0,Failed
581,581,MS,F,Major,U,GT3,A,Primary,Middle,at_home,other,course,mother,15-30min,2-5h,1-2,False,True,False,False,True,True,False,False,Excellent,Normal,Normal,No,No,Good,2,7.0,Passed
332,332,GP,F,Major,U,GT3,T,Middle,Middle,at_home,at_home,other,mother,<15min,5-10h,No,False,True,False,False,True,True,True,False,Excellent,Normal,Normal,No,Moderately,Bad,0,18.0,Failed
296,296,GP,M,Major,U,GT3,T,Middle,Primary,other,other,home,mother,<15min,2-5h,No,False,False,False,True,True,True,True,False,Excellent,Low,High,No,Moderately,Good,2,16.0,Failed
317,317,GP,F,Minor,U,LE3,T,Middle,Middle,services,other,course,mother,15-30min,2-5h,No,True,True,False,False,True,True,True,True,Excellent,High,High,Moderately,Moderately,Good,6,12.0,Failed
209,209,GP,F,Minor,U,LE3,T,Middle,Higher,services,services,course,father,<15min,2-5h,No,False,False,False,True,True,True,True,True,Excellent,Normal,Low,No,No,Good,8,15.0,Failed
463,463,MS,F,Minor,R,LE3,T,Middle,Middle,other,other,other,father,<15min,5-10h,No,True,True,False,False,True,True,False,False,Excellent,High,Normal,Moderately,Moderately,Good,2,12.0,Failed
59,59,GP,F,Minor,U,GT3,T,Higher,Middle,services,other,course,mother,<15min,2-5h,No,False,True,True,False,True,True,True,False,Excellent,Low,Normal,No,No,Good,2,15.0,Failed
453,453,MS,F,Minor,U,GT3,T,Primary,Middle,other,services,course,mother,<15min,5-10h,1-2,False,True,False,False,True,True,False,False,Bad,Normal,Low,No,Moderately,Good,0,8.0,Passed
254,254,GP,F,Major,U,LE3,T,Middle,Middle,at_home,services,course,mother,<15min,2-5h,1-2,False,True,False,False,False,True,True,True,Excellent,Normal,Low,No,No,Good,16,9.0,Passed
543,543,MS,M,Minor,R,GT3,T,Higher,Higher,health,other,course,father,30min-1h,<2h,>3,False,False,False,True,True,True,True,True,Normal,Normal,Normal,No,Moderately,Good,2,8.0,Passed
465,465,MS,F,Major,U,GT3,T,Primary,Middle,other,other,course,father,<15min,2-5h,1-2,False,True,False,True,True,True,True,True,Normal,High,High,Moderately,Moderately,Good,9,8.0,Passed
363,363,GP,F,Major,U,GT3,T,Secondary,Higher,other,other,course,mother,<15min,<2h,No,False,True,False,True,True,True,True,True,Excellent,High,High,No,No,Bad,4,12.0,Failed
255,255,GP,F,Major,U,GT3,T,Secondary,Secondary,other,other,course,mother,15-30min,<2h,1-2,False,False,False,False,True,False,True,False,Excellent,Low,Low,No,No,Normal,14,7.0,Passed
366,366,GP,F,Minor,U,LE3,A,Secondary,Secondary,services,other,home,mother,<15min,2-5h,No,True,True,False,False,True,True,True,False,Excellent,Normal,Normal,No,No,Good,0,12.0,Failed
478,478,MS,F,Minor,R,GT3,T,Primary,Primary,at_home,other,course,father,15-30min,2-5h,>3,True,True,False,False,True,True,False,False,Normal,High,Normal,No,No,Bad,0,7.0,Passed
208,208,GP,M,Minor,U,GT3,T,Middle,Secondary,other,other,home,father,15-30min,<2h,No,False,False,False,False,True,True,True,False,Excellent,Normal,Normal,No,No,Normal,0,12.0,Failed
347,347,GP,F,Minor,R,GT3,T,Higher,Higher,services,services,reputation,mother,15-30min,5-10h,No,False,True,False,True,True,True,True,False,Excellent,Normal,High,No,No,Good,0,7.0,Passed
